{
  "Generated": "2024-08-25T08:15:36Z",
  "Embeddings": [
    {
      "keywords": [
        "Jobs",
        "Paladin",
        "ナイト",
        "骑士",
        "Warrior",
        "戦士",
        "战士",
        "Dark Knight",
        "暗黒騎士",
        "暗黒骑士",
        "Gunbreaker",
        "ガンブレイカー",
        "绝枪战士",
        "White Mage",
        "白魔道士",
        "白魔法师",
        "Scholar",
        "学者",
        "学者",
        "Astrologian",
        "占星術師",
        "占星术士",
        "Sage",
        "賢者",
        "贤者",
        "Monk",
        "モンク",
        "武僧",
        "Dragoon",
        "竜騎士",
        "龙骑士",
        "Ninja",
        "忍者",
        "忍者",
        "Samurai",
        "侍",
        "武士",
        "Reaper",
        "リーパー",
        "钐镰客",
        "Viper",
        "ヴァイパー",
        "蛇武士",
        "Bard",
        "吟遊詩人",
        "吟游诗人",
        "Machinist",
        "機工士",
        "机工士",
        "Dancer",
        "踊り子",
        "舞者",
        "Black Mage",
        "黒魔道士",
        "黑魔法师",
        "Summoner",
        "召喚士",
        "召唤师",
        "Red Mage",
        "赤魔道士",
        "赤魔法师",
        "Pictomancer",
        "ピクトマンサー",
        "绘灵法师",
        "Blue Mage",
        "青魔道士",
        "青魔法师"
      ],
      "chunk": "Jobs in FFXIV:\r\n\r\nTanks:\r\n- Paladin (ナイト / 骑士)\r\n- Warrior (戦士 / 战士) \r\n- Dark Knight (暗黒騎士 / 暗黒骑士)\r\n- Gunbreaker (ガンブレイカー / 绝枪战士)\r\n\r\nHealers:\r\n- White Mage (白魔道士 / 白魔法师)\r\n- Scholar (学者 / 学者)\r\n- Astrologian (占星術師 / 占星术士)\r\n- Sage (賢者 / 贤者)\r\n\r\nMelee DPS:\r\n- Monk (モンク / 武僧)\r\n- Dragoon (竜騎士 / 龙骑士) \r\n- Ninja (忍者 / 忍者)\r\n- Samurai (侍 / 武士)\r\n- Reaper (リーパー / 钐镰客)\r\n- Viper (ヴァイパー / 蛇武士)\r\n\r\nPhysical Ranged DPS:\r\n- Bard (吟遊詩人 / 吟游诗人)\r\n- Machinist (機工士 / 机工士)\r\n- Dancer (踊り子 / 舞者)\r\n\r\nMagical Ranged DPS:\r\n- Black Mage (黒魔道士 / 黑魔法师) \r\n- Summoner (召喚士 / 召唤师)\r\n- Red Mage (赤魔道士 / 赤魔法师)\r\n- Pictomancer (ピクトマンサー / 绘灵法师)\r\n- Blue Mage (青魔道士 / 青魔法师)",
      "embedding": [
        -0.0391909555,
        -0.00894407462,
        -0.0155729074,
        0.0195696093,
        0.0152495494,
        0.00532570155,
        -0.0194402654,
        -0.0138655789,
        -0.0136844981,
        0.0118607609,
        0.0327237993,
        -0.0111235054,
        0.00506054843,
        0.0061858329,
        0.0246915948,
        0.0126691554,
        -0.0222728793,
        0.0406137295,
        0.016193755,
        0.00476952642,
        -0.0439507812,
        -0.0154953012,
        0.0142406737,
        0.00869832281,
        -0.00511551881,
        -0.00794813223,
        -0.00630547525,
        -0.0221694056,
        -0.0194661338,
        0.0142018711,
        0.0194920022,
        0.00369597878,
        0.0337068066,
        -0.0226867776,
        -0.0191557109,
        -0.0181209669,
        0.0257522091,
        0.0102051692,
        0.0188711565,
        -0.0115050673,
        0.0064186505,
        0.00395789836,
        -0.0159738716,
        -0.00378328515,
        -0.0038673582,
        -0.014900323,
        -0.00413574511,
        -0.00957138836,
        -0.0123781329,
        0.0167240612,
        0.0484777875,
        -0.00581397163,
        0.0205267482,
        0.00887293555,
        -0.010968294,
        -0.0224927627,
        0.0491245054,
        -0.000154100155,
        -0.0170732867,
        0.00796753448,
        0.00462401519,
        0.00145591807,
        -0.0328531452,
        -0.00848490652,
        0.0226350408,
        -0.0262695812,
        0.0138914473,
        0.00576546788,
        -0.0423469245,
        -0.0418036841,
        -0.033215303,
        0.0482191034,
        -0.0285589527,
        0.0679827258,
        -0.0451407358,
        -0.0225056969,
        -0.00076272001,
        -0.0115050673,
        0.0220529959,
        -0.00325136189,
        -0.00237506232,
        -0.0284296107,
        -0.0228419881,
        -0.00364424149,
        -0.00570079638,
        0.0225315653,
        -0.0752259418,
        -0.0513233356,
        0.00876299385,
        0.00770884799,
        -0.0140337246,
        0.0307836551,
        0.0552553646,
        -0.000771208142,
        0.00416484755,
        0.0141630676,
        0.0335515961,
        -0.0407948084,
        0.0345346034,
        0.0716560706,
        0.0202421937,
        -0.00971366558,
        -0.0144864256,
        -0.0279639754,
        0.0262695812,
        -0.00653829286,
        -0.0246657263,
        0.0155599732,
        -0.00539684016,
        0.0435368828,
        -0.0162454918,
        0.00299914274,
        0.0122229215,
        0.0498488247,
        0.0214450844,
        0.0544275716,
        -0.00107839797,
        -0.0268257558,
        -0.0269809682,
        0.0101081617,
        0.0355693474,
        0.0215097554,
        -0.00832969509,
        0.0232170839,
        -0.0222470108,
        0.01393025,
        -0.00365070859,
        0.0131412577,
        0.0153400898,
        0.00581073808,
        0.0116861481,
        0.0118801622,
        0.0155858416,
        0.0243294351,
        -0.0077864537,
        0.0132964691,
        -0.00580750452,
        0.0118413595,
        -0.0425538756,
        0.0435368828,
        -0.0602221414,
        -0.0313786343,
        0.0121582504,
        -0.0187159441,
        -0.00926743168,
        -0.0168146007,
        0.00911222026,
        0.0232817549,
        0.0365523547,
        0.00939030759,
        -0.0079028625,
        0.0121388482,
        0.0364230126,
        0.0311716832,
        0.0192333162,
        -0.0227255803,
        -0.0244975798,
        -0.00784465857,
        -0.00101857679,
        0.0331635661,
        0.027291391,
        0.00288273394,
        -0.0198153611,
        0.0197894927,
        0.000961989223,
        -0.0165041778,
        -0.00432975963,
        0.00212122663,
        -0.0198024269,
        -0.00844610389,
        0.0205138139,
        -0.00673230784,
        0.00248177047,
        0.0182503089,
        0.00875005964,
        -0.0185477976,
        0.0522287376,
        0.00206948933,
        -0.00977833755,
        0.00264991657,
        0.000285363174,
        0.0232817549,
        0.0226221066,
        -0.0171767622,
        0.0227514487,
        -0.0142018711,
        -0.0128567023,
        -0.0559796877,
        0.0447268374,
        0.0135163525,
        -0.0286624283,
        -0.0237473901,
        0.0262954496,
        -0.0545827821,
        0.0264635962,
        0.0351554491,
        -0.0101146298,
        -0.0191945136,
        0.0541688837,
        0.04992643,
        -0.019479068,
        -0.0256616678,
        0.035026107,
        0.0388029255,
        0.0095131835,
        -0.00949378219,
        0.0305249691,
        0.00703626405,
        0.0410793647,
        0.0228419881,
        -0.00872419123,
        0.0426056124,
        0.0262178443,
        0.0396048538,
        -0.0168146007,
        -0.0247821361,
        0.0200223103,
        0.0117766876,
        -0.0062375702,
        -0.0395013802,
        -0.00753423478,
        0.00497000804,
        -0.00849137362,
        -0.0010113013,
        0.0342241786,
        -0.0188323539,
        -0.045088999,
        0.0244587772,
        -0.0370697267,
        0.021225201,
        -0.0252736397,
        -0.00904108211,
        -0.0235921796,
        -0.0430195108,
        0.0247562658,
        -0.00926743168,
        -0.0322322957,
        0.0121776517,
        -0.00699099386,
        -0.0180304255,
        0.0105608627,
        -0.0457615852,
        0.0310164727,
        0.0150296669,
        0.0333705172,
        0.0135551551,
        0.000615592231,
        0.00270488719,
        -0.00174774847,
        -0.0301369391,
        -0.0192721207,
        0.000679455406,
        0.0217943098,
        -0.0281450562,
        0.0158186592,
        0.105388746,
        0.043873176,
        0.0138655789,
        0.00307351514,
        0.00178655132,
        -0.0117249507,
        -0.0166076515,
        -0.0173837114,
        -0.0235663094,
        -0.0448820516,
        -0.0312751569,
        0.0484777875,
        0.00314950407,
        0.00215841271,
        -0.0616707839,
        -0.0132188629,
        0.0197118856,
        -0.0179786887,
        0.0041228109,
        0.0160126742,
        -0.0182891116,
        -0.0125204111,
        0.00228775572,
        0.0407430716,
        0.000568705378,
        0.0129407756,
        0.0259720925,
        0.0184960607,
        -0.0056070229,
        -0.0135422209,
        0.00495384028,
        -0.0274983402,
        -0.00798693579,
        0.0566522703,
        0.00968133006,
        -0.010192235,
        0.0085689798,
        -0.0056005558,
        -0.0363454074,
        0.05406541,
        0.00127564615,
        -0.0134516805,
        0.0134128779,
        0.0242388938,
        0.00923509616,
        -0.00825208891,
        0.0109941624,
        -0.0266188066,
        -0.0452183411,
        0.00574606657,
        0.0482967086,
        -0.0189487617,
        0.00722381147,
        0.0131153893,
        -0.022389289,
        -0.0257910118,
        -0.023799127,
        0.0226350408,
        0.00730788428,
        -0.0061923,
        -0.00589804491,
        -0.0122358557,
        0.0145510975,
        -0.0531858765,
        0.00732081849,
        -0.0158833303,
        0.007676512,
        -0.0441059917,
        0.0376129709,
        0.0289728511,
        0.0184572581,
        -0.00932563655,
        0.0242906306,
        0.0024348835,
        -0.0196601488,
        -0.0478310734,
        0.0131347906,
        -0.0178881492,
        -0.0200999156,
        -0.0139561193,
        0.0204232726,
        -0.00600151904,
        0.025933288,
        -0.00233302591,
        -0.044183597,
        0.00104363705,
        -0.00876946095,
        -0.0699487403,
        0.0543758348,
        -0.0274466034,
        0.0126691554,
        0.00110588339,
        0.000820924412,
        -0.00697159255,
        0.00581397163,
        0.000801118731,
        -0.0586700253,
        -0.0204362068,
        -0.0104961917,
        0.0220788643,
        -0.0215226896,
        0.0174095798,
        -0.011809024,
        0.0182503089,
        0.00302824494,
        -0.0224668942,
        -0.0174095798,
        -0.0117831547,
        0.00140579767,
        0.00591744622,
        -0.0357762985,
        0.0220788643,
        0.00798046868,
        0.0264506619,
        0.0134387463,
        0.018327916,
        -0.0187288783,
        0.0332411714,
        0.0389840044,
        -0.0330342241,
        -0.020643156,
        -0.0228161197,
        -0.0183667187,
        -0.0275759455,
        0.0157151856,
        0.00904754922,
        0.0192074478,
        -0.0173837114,
        -0.0228161197,
        0.00931270234,
        0.00907988474,
        0.00261919759,
        -0.0633263737,
        -0.0208630394,
        0.00352783268,
        -0.00901521277,
        0.0115632722,
        0.00528366491,
        0.00818741694,
        -0.00397406612,
        -0.00356663554,
        0.0338361524,
        -0.0201128498,
        0.0181856379,
        -0.039035745,
        -0.021031186,
        -0.0234369673,
        -0.0217296388,
        0.102129303,
        0.000666521082,
        -0.025674602,
        0.0271361787,
        -0.00232817559,
        0.0100499578,
        -0.01038625,
        -0.0196860172,
        -0.0231265444,
        0.0148227178,
        -0.0324909836,
        -0.00333058438,
        -0.0131800603,
        0.0112399142,
        0.0478310734,
        -0.0100693591,
        -0.00794166513,
        0.00193529588,
        -0.0076118405,
        -0.0418812893,
        0.00817448273,
        0.0228161197,
        0.0562383719,
        0.0372508094,
        0.024445843,
        0.0175518561,
        -0.0685518384,
        0.00416161399,
        -0.0308612604,
        0.00307028159,
        -0.0020872741,
        0.0445974953,
        -0.00639601564,
        0.0221435372,
        0.00458197901,
        0.00921569485,
        -0.0128567023,
        -0.0222470108,
        -0.0214321502,
        0.00591097912,
        -0.00495707383,
        -0.00945497956,
        -0.0238508657,
        0.000517372333,
        0.0181597695,
        0.0349743702,
        0.0542206205,
        -0.0133999437,
        -0.0575318038,
        -0.0227773171,
        0.0496677458,
        0.0120547758,
        -0.000809202669,
        0.00795459934,
        -0.00294578867,
        0.0286365598,
        0.00765711069,
        -0.0186512731,
        0.0128437681,
        0.0192591846,
        -0.00226835441,
        0.0121841189,
        -0.0146804405,
        -0.0226091705,
        -0.00894407462,
        -0.015935069,
        -0.014253608,
        -0.00270165363,
        -0.0392944291,
        0.0549449436,
        0.0222728793,
        0.0134904841,
        0.0270068366,
        -0.0388546623,
        0.00669350475,
        3.96302676E-06,
        -0.0102245705,
        -0.0276018139,
        -0.00177361711,
        -0.0062957746,
        0.011550338,
        0.0272137858,
        0.00110750017,
        0.06824141,
        0.0497712195,
        0.0101210969,
        0.030188676,
        0.0599117167,
        -0.0147451116,
        -0.000130454631,
        -0.00809687749,
        0.03199948,
        -0.0487882122,
        0.0288952459,
        -0.0300075952,
        0.00581720518,
        0.00992061477,
        -0.0173449069,
        0.0480638891,
        0.0159609374,
        -0.00677111046,
        0.0314045027,
        0.0398894064,
        0.00376711739,
        0.00733375316,
        -0.00293932157,
        -0.0246010553,
        0.0055488185,
        0.0235404409,
        0.011867228,
        0.0424245335,
        0.016064411,
        0.00995295029,
        0.053341087,
        0.0196213461,
        0.00147046917,
        0.00615673093,
        -0.0061858329,
        -0.0170603525,
        -0.0154306302,
        -0.00818741694,
        0.0217813756,
        -0.011097637,
        -0.0114727318,
        -0.00155858416,
        0.0149391266,
        0.0082391547,
        0.000512522005,
        0.0144346887,
        0.0277828947,
        -0.0113433888,
        0.000354278804,
        0.00116247102,
        -0.0193885285,
        -0.0275242086,
        -0.0249761492,
        0.0248726755,
        0.0126691554,
        -0.00799340289,
        0.00586570892,
        -0.0292574055,
        -0.0206302218,
        -0.0368110426,
        0.0126303528,
        -0.0364747494,
        0.0383114219,
        0.0205267482,
        -0.0024866208,
        0.00477275997,
        0.0443129428,
        0.0027194384,
        -0.0235663094,
        -0.0115826735,
        -0.0284554791,
        -0.0121517833,
        0.011737885,
        -0.0131929945,
        -0.0127532287,
        -0.0206302218,
        0.025415916,
        0.0211475939,
        0.00167660974,
        0.0115826735,
        0.00814214721,
        0.0150814038,
        -0.0116344104,
        0.0437438302,
        0.0195049364,
        -0.055358842,
        0.00631194236,
        0.0272137858,
        -0.0142277395,
        0.0296971723,
        0.0186900757,
        -0.00457551144,
        0.0407948084,
        0.00222631777,
        -0.00140256411,
        -0.00237344555,
        -0.00983654149,
        -0.0130248489,
        -0.00832969509,
        0.0175906587,
        0.00992061477,
        0.0222728793,
        0.00616966514,
        -0.006353979,
        0.00216002949,
        0.0367075689,
        0.0303697567,
        -0.026515333,
        -0.00592391333,
        0.041674342,
        0.0156375784,
        0.00302662817,
        0.00441706646,
        -0.0485553928,
        0.0197636243,
        0.025415916,
        -0.0183537845,
        0.0123975351,
        -0.0124363378,
        0.00617613224,
        0.04115697,
        0.0164265726,
        -0.00382855535,
        0.0297747776,
        -0.00494737318,
        0.0231524128,
        0.0606877767,
        0.00759243919,
        0.0131153893,
        0.0133094033,
        -0.000708961801,
        0.0155599732,
        -0.00927389879,
        0.00893760752,
        -0.00820035208,
        -0.0100176223,
        0.0282485299,
        -0.0026547669,
        0.00679051178,
        0.0208759736,
        0.0121841189,
        -0.031094078,
        0.0144217545,
        0.0111752423,
        0.0167757981,
        -0.0171120893,
        0.00438796403,
        -0.0478569418,
        0.0199576374,
        -0.00478246063,
        -0.00558438757,
        0.00794813223,
        0.022389289,
        0.0226997118,
        0.0232946891,
        0.0134516805,
        0.0371990725,
        0.0397600643,
        -0.0166205857,
        0.0425280072,
        0.00707506668,
        -0.0335515961,
        -0.0100564249,
        -0.0030023763,
        0.034327656,
        -0.0224151574,
        0.0316890553,
        0.00450760638,
        0.0296713039,
        0.00946791377,
        -0.00730788428,
        -0.045994401,
        0.00983654149,
        -0.00133304216,
        -0.0243165009,
        -0.0226997118,
        0.0232429523,
        -0.0327755362,
        0.0129601769,
        0.0220400617,
        -0.0134646157,
        -0.00100564247,
        0.0105608627,
        0.035543479,
        0.00586894248,
        -0.0281709246,
        -0.00602415437,
        0.0296454355,
        -0.00828442443,
        -0.0162454918,
        0.0163360313,
        -0.0118025569,
        0.0257651433,
        -0.0123457974,
        -0.0467445925,
        -0.0220659301,
        0.0236697849,
        -0.0378716551,
        0.0133094033,
        -0.00458521256,
        -0.00673230784,
        0.0217684414,
        -0.00376388384,
        0.00489240233,
        0.0128049655,
        0.00706213247,
        0.0333705172,
        -0.00818094984,
        -0.0200352445,
        -0.00611146074,
        -0.0188064855,
        0.0140078561,
        -0.0279122386,
        -0.0179398861,
        0.0188194197,
        -0.00807100814,
        -0.0176812001,
        0.0305508375,
        0.00397083256,
        0.0215744264,
        -0.0124751404,
        0.00228937273,
        -0.00314950407,
        -0.0115374029,
        0.00185930682,
        -0.0453476869,
        0.000191690502,
        -0.00345346029,
        0.00635074545,
        0.0139043815,
        -0.0201516524,
        -0.00354076689,
        0.0077282493,
        0.0292574055,
        0.0214709528,
        0.0323616415,
        6.13558632E-06,
        0.00718500838,
        -0.0331376977,
        0.0183537845,
        0.0115568051,
        -0.0103086438,
        -0.0336550698,
        -0.00679051178,
        -0.00824562181,
        0.000449063024,
        -0.0096231252,
        -0.00590774557,
        -0.00666116877,
        0.0517113656,
        -0.0190134328,
        0.00230069016,
        -0.00219721557,
        -0.00450437283,
        -0.0168663375,
        0.00872419123,
        0.0288176388,
        -0.00479539484,
        0.0286624283,
        0.0194014627,
        0.00810981169,
        0.0111170383,
        -0.0228549223,
        0.041286312,
        -0.00177846744,
        0.00991414767,
        0.0132447323,
        -0.0193885285,
        -0.0646715462,
        0.0320512168,
        0.00327237998,
        0.0231394786,
        0.00302177784,
        -0.00155858416,
        -0.0282226615,
        -0.00598858483,
        0.0122229215,
        0.0151072722,
        0.00585600827,
        -0.00389969395,
        0.00120774109,
        0.0105220601,
        0.00595301529,
        0.0195308067,
        -0.0112916511,
        -0.00164508238,
        -0.00206302223,
        0.0289211143,
        -0.0250666905,
        -0.0375871025,
        -0.0105285272,
        -0.0193885285,
        0.0205138139,
        0.00825208891,
        0.00101291807,
        0.0329566188,
        0.0176423974,
        -0.0433558039,
        -0.0276018139,
        -0.0123328632,
        0.0202292595,
        -0.00140094734,
        -0.0129407756,
        0.0138655789,
        0.0222470108,
        0.00309291645,
        -0.0350519754,
        0.0178493466,
        0.0309906024,
        0.0121453153,
        -0.0121388482,
        0.0266446751,
        -0.0450372621,
        0.000283746398,
        -0.00028495898,
        0.0244199745,
        0.0148227178,
        -0.00931270234,
        0.0105414614,
        -0.000642673462,
        0.0135292867,
        0.000552941696,
        0.0201128498,
        0.00279057701,
        0.00435562851,
        0.00108486519,
        0.0152366152,
        0.0221435372,
        0.0193626601,
        -0.00510581816,
        -0.0139690535,
        -0.00605648989,
        0.0121129798,
        0.03199948,
        0.0275242086,
        -0.00805160683,
        0.00917689223,
        0.0332411714,
        -0.0175259877,
        -0.022195274,
        0.0146933747,
        0.00508318329,
        0.0389322676,
        -0.00523839518,
        -0.0303697567,
        -0.011097637,
        0.0324392468,
        -0.0214709528,
        -0.0102698412,
        -0.0084590381,
        0.0140725281,
        0.0258168802,
        -0.00125462795,
        0.0157151856,
        0.0176294632,
        -0.00148744544,
        0.00724321278,
        0.00107112247,
        0.0202551279,
        -0.0426056124,
        0.018508995,
        0.00271620485,
        -0.0108842207,
        0.0126109505,
        0.010580264,
        0.0352071896,
        0.0111429067,
        0.0278863702,
        0.0163230971,
        0.0046951538,
        -0.00149148749,
        -0.0291280635,
        -0.0226609092,
        0.00194984698,
        -0.00569432927,
        0.0203715358,
        0.0196989514,
        -0.00203230325,
        0.0136974324,
        -0.00865305215,
        0.0101146298,
        -0.053030666,
        -0.010192235,
        -0.01393025,
        0.00742429309,
        0.0346639454,
        0.012125914,
        0.00939677563,
        -0.0405102558,
        0.0291280635,
        -0.0119836368,
        -0.0433299355,
        0.020643156,
        0.0245493185,
        -0.033810284,
        -0.00426508812,
        0.0188452881,
        -0.027938107,
        -0.0125980163,
        -0.0133870095,
        -0.0285072159,
        -0.0388029255,
        -0.0201645866,
        -0.00368627789,
        0.00323196035,
        0.00680991355,
        -0.0200352445,
        -0.0154435644,
        -0.00345022674,
        0.0117508192,
        -0.00473072333,
        -0.0132059287,
        -0.0134775499,
        0.0369145162,
        -0.00917042512,
        -0.00443000067,
        -0.00195308065,
        -0.0195954777,
        0.00920276064,
        0.0357245617,
        0.0176035948,
        -0.0214321502,
        0.0262825154,
        0.00836849771,
        0.00435562851,
        0.0141113307,
        -0.0104767904,
        -0.00728201587,
        0.00683578197,
        -0.000908635149,
        0.0175389219,
        0.0250149537,
        0.0235663094,
        -0.0276018139,
        0.00471132202,
        -0.00134355132,
        -0.0348967649,
        0.021936588,
        -0.0354917422,
        -0.00935150497,
        0.0348450281,
        0.00574283302,
        0.00337585458,
        0.00645745359,
        -0.00792873092,
        -0.0247174632,
        -0.0135034183,
        0.0176553316,
        0.0185866021,
        0.00467898604,
        -0.0209147763,
        0.0113045853,
        -0.0330083556,
        -0.0471843593,
        0.0157669224,
        0.00299914274,
        -0.00534833642,
        0.00899581145,
        -0.00356986909,
        -0.00921569485,
        -0.0203586016,
        -0.0236568507,
        -0.0170344841,
        -0.00336938747,
        0.00931916945,
        -0.0216132291,
        -0.0041745482,
        -0.00876946095,
        0.0398894064,
        -0.0130507173,
        -0.0361384563,
        0.0124880746,
        0.0184443239,
        0.00669997185,
        0.0078899283,
        -0.00364747504,
        0.00230877404,
        0.00168631051,
        0.0128955059,
        -0.00648332201,
        -0.0461237431,
        -0.00898287725,
        -0.00840083323,
        -0.00988827925,
        -0.00594008109,
        0.00972013269,
        -0.0205526166,
        0.0253383107,
        -0.0272396542,
        0.0247821361,
        -0.0236180481,
        -0.00875652675,
        -0.0225056969,
        0.0098494757,
        0.00255614263,
        -0.0174483825,
        0.0146545712,
        0.00576546788,
        0.0185995363,
        -0.0662753955,
        0.0199576374,
        -0.0127984984,
        -0.0144346887,
        0.00252057333,
        0.0149132581,
        -0.00109294907,
        -0.0209147763,
        -0.0399928838,
        -0.0126691554,
        0.00188517547,
        -0.025480587,
        -0.0006653085,
        -0.00468545314,
        -0.0027420735,
        -0.0286106914,
        -0.0320512168,
        0.00178008422,
        0.0184313897,
        -0.0305508375,
        0.0238508657,
        0.0100499578,
        -0.0097460011,
        -0.00349226338,
        -0.0150814038,
        -0.0116020748,
        0.00121825014,
        -0.0156375784,
        -0.0103086438,
        -0.0304214936,
        -0.00359573774,
        0.026062632,
        -0.00528689846,
        -0.0214580186,
        0.0352071896,
        -0.0160256084,
        -0.0177976079,
        0.00401286921,
        -0.00627960684,
        -8.57655778E-06,
        0.00468545314,
        -0.0135292867,
        0.00688751927,
        -0.0047533582,
        -0.0119513012,
        -0.00639601564,
        -9.4329509E-05,
        0.00799986999,
        -0.00143732503,
        -0.0100370236,
        0.0269292314,
        -0.00186577404,
        -0.0394496396,
        -0.0190134328,
        -0.00596918352,
        -0.0150037976,
        0.0162972286,
        0.0155211706,
        0.0360867195,
        -0.00711386977,
        -0.000623676169,
        0.0345087349,
        0.00964252744,
        0.00533540221,
        -0.0311199464,
        0.0195178725,
        0.0180562939,
        -0.0105349943,
        -0.0195178725,
        -0.00994001608,
        0.00901521277,
        -0.0202551279,
        0.00370567944,
        0.00728201587,
        0.00846550521,
        -0.0124040022,
        -0.00113741076,
        0.0201516524,
        0.0283002667,
        0.00432329252,
        0.0234110989,
        -0.00765711069,
        0.00101210969,
        -0.0100564249,
        -0.00360220484,
        0.0075018988,
        0.0157798566,
        0.0113239875,
        -0.0222987477,
        0.0570144318,
        -0.0108001474,
        -0.00183020462,
        -0.000423194404,
        -0.0120095052,
        0.0151460757,
        -0.00796753448,
        -0.0196989514,
        0.00197248207,
        -0.0182632431,
        0.0176553316,
        -0.0423210561,
        -0.000777271111,
        -0.00934503786,
        0.00119238161,
        0.00915102288,
        -0.000923994696,
        0.0239155367,
        0.0163230971,
        -0.0147839151,
        -0.0253641792,
        0.00171541271,
        -0.0225056969,
        0.0547897294,
        0.00956492126,
        0.010644936,
        -0.00636367965,
        -0.0120030381,
        -0.0292574055,
        0.0255581941,
        -0.00697159255,
        0.000433703535,
        -0.0227385145,
        0.0205008797,
        -0.00304441294,
        0.00670643896,
        0.0176812001,
        0.00105818815,
        0.0126691554,
        0.0164007042,
        -0.00564582553,
        -0.00712033687,
        -0.00301854429,
        -0.0247692,
        0.0266188066,
        0.000349630514,
        0.0129537098,
        -0.0186254047,
        -0.00541947549,
        -0.0158574618,
        0.00552294962,
        0.00126271183,
        -0.012643287,
        0.0153918276,
        0.0124104694,
        0.0396824591,
        -0.0174742509,
        -0.00719147548,
        0.00736608868,
        -0.0306025743,
        0.0259979609,
        -0.0199059006,
        -0.00171541271,
        -0.0249890834,
        0.027291391,
        0.00254320842,
        0.0162972286,
        0.00865305215,
        -0.00728201587,
        0.0061923,
        -0.0137491701,
        0.00214871205,
        0.00375418295,
        0.0158833303,
        -0.0169180762,
        0.0139561193,
        -0.00959725678,
        -0.00814861432,
        0.00502497889,
        -0.0168792736,
        -0.0266446751,
        -0.010580264,
        0.00175098202,
        0.0112528484,
        -0.0110458992,
        0.00371861365,
        -0.0101857679,
        0.003241661,
        0.0123134619,
        0.0246010553,
        -0.0171767622,
        -0.0143570825,
        0.00743722729,
        0.0121517833,
        0.0063022417,
        0.0184055213,
        0.00651889155,
        -0.0571696423,
        0.0215873607,
        -0.00269680331,
        0.0113369217,
        -0.0124104694,
        -0.0181209669,
        -0.0210182518,
        -0.00496354094,
        -0.0442612022,
        -0.00950671639,
        0.00903461408,
        -0.0295936987,
        0.0194531996,
        -0.00757303787,
        -0.0082262205,
        -0.0187547468,
        -0.0287141651,
        -0.0382855535,
        -0.0198800322,
        0.0300852023,
        -0.00598535128,
        -0.0251960326,
        -0.00907988474,
        0.0264118575,
        -0.0248338729,
        -0.013160659,
        -0.0031769895,
        0.00663530035,
        -0.0145381624,
        -0.00961665809,
        -0.00616643159,
        -0.0408465452,
        0.0172673017,
        -0.00952611864,
        0.000214628686,
        -0.0136068929,
        0.021354543,
        -0.0354917422,
        0.00441383291,
        -0.0247174632,
        0.00765711069,
        0.00236212811,
        0.03199948,
        -0.00854311045,
        -0.00604678923,
        0.00208565732,
        0.00610822719,
        0.0282485299,
        0.0378975235,
        -0.0148485862,
        0.00637014676,
        -0.00711386977,
        0.0226350408,
        0.0187547468,
        0.0244587772,
        -0.00904108211,
        -0.0305508375,
        -0.0282485299,
        -0.0141242649,
        -0.00697159255,
        0.00653182575,
        0.0137233017,
        -0.0084590381,
        0.00204523746,
        0.0405878611,
        0.0096295923,
        -0.0475465171,
        0.00622463599,
        0.0188582223,
        -0.00275177415,
        -0.00334028527,
        0.00174774847,
        -0.025868617,
        -0.00421335083,
        -0.00513815414,
        -0.00708153378,
        -0.0269292314,
        -0.00416161399,
        0.00785759278,
        0.00343405898,
        -0.0110588335,
        -0.0205396824,
        -0.00437826337,
        0.023359362,
        0.0176553316,
        0.0206690244,
        -0.00390616129,
        -0.0195696093,
        -0.0128761046,
        0.0140078561,
        -0.011485666,
        -0.00695219077,
        -0.0106578702,
        0.0082262205,
        0.0218977835,
        0.000120147597,
        -0.0124622062,
        -0.00846550521,
        -0.0200740471,
        -0.0165300462,
        0.0153918276,
        -0.0239155367,
        0.00133385055,
        -0.00253027421,
        0.0204750113,
        0.0120353745,
        -0.00685518375,
        0.00136537792,
        -0.00796753448,
        -0.00889880396,
        -0.0361901969,
        0.0108454181,
        -0.0153788924,
        0.019414397,
        -0.00480832905,
        0.00782525633,
        0.00192236155,
        -0.0155599732,
        0.00300884363,
        -0.0284554791,
        0.0290504564,
        -0.00649949024,
        0.00829735864,
        -0.00981714018,
        -0.00473395688,
        -0.00637338078,
        0.0103021767,
        0.0224151574,
        0.0370697267,
        -0.0112787168,
        -0.0196472146,
        -0.00375741674,
        0.0328272767,
        -0.00237021199,
        -0.0176035948,
        -0.0222211424,
        -0.0247174632,
        -0.0129731111,
        0.0107613448,
        0.000928845024,
        -0.00358927064,
        -0.00434916141,
        0.0231912155,
        0.0173966456,
        7.65953591E-05,
        0.0102957096,
        0.0176035948,
        0.0105737969,
        0.00519312499,
        -0.000495141488,
        0.00293770479,
        -0.0118995635,
        -0.00394496415,
        -0.00636691321,
        -0.00906695053,
        0.0214321502,
        -0.0135422209,
        -0.00724967988,
        0.0124945417,
        0.0108842207,
        -0.0241095517,
        0.00689398637,
        -0.0157151856,
        0.0266705435,
        0.0243294351,
        0.00146400207,
        0.00251410622,
        -0.0237861928,
        0.0161549505,
        -0.0054324097,
        -0.00345669407,
        -0.00017329953,
        -0.00895054173,
        0.0123134619,
        -0.00065803295,
        0.00611792784,
        -0.0135034183,
        -0.0330859609,
        -0.0167628638,
        0.0303438883,
        -0.0162325576,
        -0.0204232726,
        -0.00172996381,
        0.0164912436,
        0.00936443917,
        0.0042262855,
        -0.0115244687,
        -0.00855604466,
        0.00656739529,
        0.01477098,
        0.00991414767,
        -0.00334675238,
        -0.00701039517,
        0.024510514,
        0.00236536167,
        -0.000710174383,
        -0.0118995635,
        0.0363971442,
        -0.0150167318,
        -0.00192559522,
        0.00385119044,
        -0.0199835058,
        0.0218460467,
        -0.00576546788,
        0.000461997348,
        -0.000283140107,
        0.0146287028,
        0.0025739274,
        0.0105996663,
        -0.0136586297,
        0.0109100891,
        -0.000861748296,
        0.00159657875,
        0.00782525633,
        -0.00899581145,
        -0.0157798566,
        -0.00579457032,
        -0.0096295923,
        -0.0309388656,
        -0.00532570155,
        -0.00244135084,
        0.0256487336,
        0.0139043815,
        -0.0294126179,
        -0.0232817549,
        0.00582690584,
        0.0230489373,
        -0.0179657545,
        0.0111946445,
        0.00836849771,
        -0.00852370914,
        -0.0371732041,
        0.0132059287,
        -0.0100176223,
        0.000843963644,
        -0.0146287028,
        -7.75553272E-05,
        0.0127014909,
        0.0338878892,
        -0.00810334459,
        -0.00436856272,
        -0.00808394328,
        0.000504842203,
        -0.0205267482,
        -0.0188970249,
        0.0247692,
        -0.0215097554,
        0.0498488247,
        0.00431359187,
        -0.0184443239,
        -0.0198153611,
        0.00905401632,
        -0.0103797829,
        -0.0433040634,
        0.00419718307,
        -0.0109618269,
        0.0214192141,
        0.000144298378,
        -0.0153142214,
        0.0037800516,
        0.0216002949,
        0.015741054,
        0.0119771697,
        0.014382951,
        0.0143182799,
        -0.0190781057,
        -0.0161032137,
        -0.0200611129,
        -0.017616529,
        -0.000472102256,
        -0.011615009,
        0.0202680621,
        0.00846550521,
        0.0353624001,
        -0.00812921301,
        0.00388352619,
        0.0152624846,
        -0.0143182799,
        -0.0103280451,
        0.0373801515,
        -0.0178234763,
        0.00787052698,
        0.0328790136,
        0.0401480943,
        -0.000361958548,
        0.00415191287,
        -0.0104961917,
        0.0118413595,
        -0.00779292081,
        -0.0244717114,
        0.0299299899,
        -0.0179010835,
        0.0041680811,
        -0.0188711565,
        0.00862718374,
        -0.00328531442,
        -0.0139431851,
        0.0110717686,
        0.0191298425,
        -0.014512294,
        -0.0174742509,
        0.00490533654,
        0.00960372388,
        0.0418812893,
        0.00873712543,
        -0.00541624194,
        -0.0252736397,
        -0.000499183487,
        -0.0180692282,
        -0.0280933175,
        -0.0193626601,
        0.00334351882,
        0.0206302218,
        0.00335645303,
        0.0376905762,
        -0.00448173797,
        0.0436403565,
        0.0113110533,
        -0.0223763529,
        -0.0120806443,
        0.00577840256,
        0.0134387463,
        0.00190942734,
        -0.0174613167,
        -0.0158315934,
        0.00858838111,
        -0.0101404982,
        0.00768297911,
        0.0153659582,
        0.0112075787,
        -0.00500881113,
        -0.00802573841,
        0.0239414051,
        -0.00642835116,
        -0.00600151904,
        -0.0108454181,
        -0.00564905908,
        -0.00960372388,
        -0.0122423228,
        0.0109747611,
        -0.0139949219,
        0.00809687749,
        -0.0179657545,
        -0.0322581641,
        -0.00814214721,
        0.0126044834,
        0.0323875099,
        0.000739680778,
        0.0147968493,
        0.0103280451,
        0.0381562114,
        -0.0225056969,
        0.00864658505,
        0.00325944577,
        0.00551324897,
        0.0142148053,
        0.0102116363,
        -0.00463694939,
        0.00185283972,
        -0.025803946,
        0.0247821361,
        -0.0105349943,
        0.0466411151,
        0.0253253765,
        0.0146933747,
        -0.00171702949,
        0.0228678584,
        0.0146545712,
        0.0169180762,
        0.00397729967,
        0.000594573969,
        0.00754070189,
        0.0132576665,
        -0.00315597118,
        -0.0194273312,
        0.00608882587,
        0.00167337619,
        -0.0183020458,
        -0.0149261924,
        0.000421577628,
        -0.0153659582,
        -0.0132317981,
        0.00109860778,
        0.00501851179,
        0.014835652,
        -0.00964252744,
        -0.0160773452,
        -0.0132706007,
        -0.000400559366,
        -0.00620200112,
        -0.0100111552,
        0.0199059006,
        -0.000221297931,
        0.0152107468,
        -0.000494333101,
        -0.0133352717,
        -0.00574606657,
        0.0108971549,
        -0.00639278209,
        -0.00561995711,
        0.0233464278,
        -0.0176941343,
        0.0369662531,
        -0.00387382531,
        0.00382855535,
        0.0144734913,
        -0.0325427204,
        -2.72327834E-05,
        -0.00376065029,
        0.01477098,
        -0.00655769464,
        0.0388029255,
        -0.0173449069,
        -0.0266188066,
        0.00352459913,
        0.00950671639,
        -0.00627313973,
        0.0140854623,
        -0.0209923834,
        0.0103021767,
        0.0077282493,
        0.00144864258,
        0.00388352619,
        -0.00768944621,
        0.0134258121,
        0.0143570825,
        -0.0222987477,
        0.012449272,
        0.0248080045,
        0.0352847949,
        -0.00202745292,
        0.0165817831,
        -0.0106902057,
        -0.00564582553,
        -0.00725614699,
        -0.00443646777,
        -0.00622463599,
        -0.00886000134,
        -0.010709607,
        0.00922216196,
        0.0161678866,
        -0.00276470836,
        -0.00194984698,
        0.0145381624,
        -0.0111687751,
        -0.0130119147,
        0.00437826337,
        -0.012837301,
        -0.00816801563,
        -0.0116408775,
        0.0206690244,
        -0.0197636243,
        0.0151719442,
        0.00799986999,
        0.00483096438,
        -0.00876946095,
        -0.0132835349,
        0.0141113307,
        -0.00164427399,
        -0.00121501659,
        -0.0160514768,
        0.00342112454,
        0.00084153848,
        -0.0149391266,
        0.0206172876,
        -0.0042262855,
        0.000424406986,
        0.0257651433,
        0.00853017624,
        -0.00128292176,
        -0.000611954485,
        -0.00455611013,
        0.00709446846,
        0.000487461744,
        0.00313010276,
        0.00748249749,
        -0.0267998874,
        -0.00432652608,
        0.00840730034,
        0.0138655789,
        0.0105737969,
        0.0106255347,
        -0.000547282922,
        -0.00334028527,
        -0.00532893511,
        0.0192850549,
        0.0189228933,
        -0.00378975249,
        -0.0152366152,
        0.00405490585,
        0.00586570892,
        0.0161161479,
        0.000624888809,
        0.0137621043,
        0.00739195757,
        -0.0147451116,
        -0.00720440969,
        0.009739534,
        -0.00688105216,
        0.0125527466,
        0.00735315448,
        0.0445198901,
        0.0100305565,
        0.0186900757,
        0.0152754188,
        -0.00134759326,
        -0.0125398124,
        -0.0176682658,
        0.000233625949,
        0.0309906024,
        0.00183343829,
        -0.0105285272,
        -0.0065221251,
        0.0116408775,
        0.0371732041,
        0.0190393031,
        0.00978480466,
        0.0137233017,
        0.00748896459,
        0.0104315197,
        0.0106384689,
        -0.0309906024,
        -0.0139561193,
        0.00502821244,
        0.00623433664,
        0.000649544818,
        0.00475982577,
        -0.0196860172,
        -0.00897641014,
        -0.00552941673,
        -0.020125784,
        0.00931916945,
        -0.0121388482,
        -0.00421658438,
        -0.0161032137,
        -0.0137103675,
        -0.0112334471,
        0.000305573049,
        0.00552618317,
        -0.0136456955,
        -0.0169956814,
        0.00926743168,
        -0.00410017604,
        -0.0122293886,
        0.00292800413,
        -0.00774765061,
        0.00241871574,
        -0.0123975351,
        -0.00735962158,
        0.0192721207,
        0.0108001474,
        -0.0076183076,
        0.0026385989,
        0.00486653345,
        0.00472102268,
        -0.0194661338,
        0.0140725281,
        -0.0223116819,
        -0.00292800413,
        0.00547444588,
        -0.0172284991,
        0.0106837386,
        -0.0139819877,
        -0.0278087631,
        -0.0162196234,
        0.000309817115,
        -0.0107354764,
        -0.00643158471,
        -0.00611792784,
        -0.00592391333,
        -0.0168404691,
        -0.00167660974,
        -0.0201775208,
        0.00349549693,
        0.00017067224,
        -0.00344052608,
        0.0076118405,
        0.0244070403,
        -0.0077217822,
        -0.0125721479,
        0.0132835349,
        -0.00911868736,
        -0.0198412295,
        -0.0115956077,
        0.00131121557,
        0.0322581641,
        -0.0177588053,
        7.50290928E-06,
        0.0179916229,
        -0.00284069753,
        -0.020901842,
        0.00204200391,
        -0.00159819552,
        0.0120159723,
        -0.00429742411,
        0.0331376977,
        0.0137879727,
        -0.0228031855,
        0.027032705,
        -0.00807100814,
        -0.00319477427,
        0.021354543,
        0.0159221347,
        -0.00185607327,
        -0.00245913537,
        0.00614379672,
        0.00471455557,
        -0.00607912522,
        0.00679051178,
        -0.00959078968,
        0.00237506232,
        -0.0186254047,
        0.00724321278,
        0.0038317889,
        -0.0121129798,
        -0.000876299397,
        -0.00796753448,
        -0.0107678119,
        -0.0106902057,
        0.0114080599,
        0.00484713214,
        -0.0275500771,
        -0.0114015928,
        0.0131929945,
        0.00812921301,
        0.011032965,
        0.0170086157,
        -0.0293608811,
        0.0190004986,
        0.00241063186,
        0.0116990823,
        -0.0192979891,
        0.00275177415,
        -0.00526749715,
        -0.00992061477,
        0.00213416084,
        -0.00275985803,
        0.0233464278,
        -0.0163101628,
        -0.01154387,
        0.00895700883,
        -0.0340689681,
        0.00340495678,
        -0.000683497346,
        0.0207207631,
        0.0141113307,
        0.0236568507,
        0.00561672356,
        -0.0228031855,
        0.0107872132,
        -0.00980420597,
        -7.1593422E-05,
        -0.00616643159,
        -0.0227902513,
        0.00696512498,
        0.00666116877,
        0.018961696,
        0.0226609092,
        0.0114209941,
        0.00342435809,
        -1.97298723E-05,
        0.000240295194,
        -0.00840083323,
        -0.0111687751,
        0.00354400044,
        -0.00240901508,
        0.0376129709,
        0.00490857009,
        -0.0114080599,
        0.0261919741,
        -0.00244135084,
        -0.00593684753,
        -0.0112528484,
        -0.00847197231,
        -0.00830382574,
        -0.00648332201,
        -0.0164395068,
        0.00257069385,
        -0.00107193086,
        0.00826502312,
        0.00335645303,
        -0.00317375595,
        0.00231524114,
        0.00530306669,
        0.00737255579,
        -0.00017067224,
        0.0190134328,
        -0.0128049655,
        0.00300884363,
        -0.00628930749,
        0.00701039517,
        -0.0106384689,
        0.00460784743,
        0.00639924919,
        -0.0139173158,
        -0.00626990618,
        -0.0132382652,
        0.0146675063,
        -0.00633781124,
        0.00940324273,
        -0.00299267564,
        0.0206043534,
        0.00190619368,
        0.017616529,
        0.00378328515,
        0.0129278414,
        0.0161678866,
        -0.0131024541,
        -0.0111170383,
        -0.00975893624,
        -0.0120483087,
        -0.00633134414,
        -0.000145612023,
        -0.00100968441,
        0.0172543675,
        -0.0168663375,
        -0.0297747776,
        -0.00332735083,
        -0.00739842467,
        -0.010192235,
        0.0337068066,
        -0.0043426943,
        -0.00104848738,
        -0.0278604999,
        0.00780585501,
        -0.00737255579,
        0.032516852,
        -0.00140175573,
        -0.0245493185,
        -0.00346639473,
        -0.0259591565,
        0.0108260158,
        0.02515723,
        -0.016969813,
        0.0085625127,
        -0.00839436613,
        0.0129601769,
        0.00476305932,
        -0.00198379951,
        -0.00931916945,
        0.0254935231,
        -0.000491907937,
        0.000857706356,
        0.000719066709,
        -0.00205493835,
        -0.0126238847,
        0.0311975516,
        -0.00614703028,
        0.00312848599,
        0.0282485299,
        0.00373801519,
        0.000647928042,
        -0.00672584027,
        -0.00677111046,
        0.00890527107,
        -0.0106902057,
        -0.00219559879,
        0.00118914794,
        0.0107484106,
        0.015547039,
        0.000816074025,
        -0.00298459176,
        -0.00719794258,
        -0.00272752228,
        0.000271620491,
        0.00673877494,
        -0.00730788428,
        0.0162066892,
        0.00558438757,
        0.00210020831,
        0.00346639473,
        0.00981714018,
        0.0131283235,
        -0.0100370236,
        0.00307351514,
        -0.0013742703,
        -0.00663530035,
        -0.0294643547,
        0.0201775208,
        0.00420041662,
        0.0443388112,
        0.0161161479,
        -0.004869767,
        0.00632811058,
        -0.0171120893,
        -0.0144864256,
        -0.0055423514,
        -0.026515333,
        -0.0096295923,
        -0.00359250419,
        -0.00966839585,
        -0.0189875644,
        0.00563612487,
        -0.00310261734,
        0.012125914,
        0.00461431453,
        -0.029800646,
        0.011867228,
        0.00783819053,
        0.0196342804,
        -0.00251248945,
        0.00529013202,
        0.00307189836,
        0.0189099591,
        0.00838143192,
        -0.0148873888,
        0.0156505127,
        0.00156343461,
        -0.00256422674,
        0.00821975339,
        0.00112770998,
        0.00507671619,
        0.00275015738,
        0.00279219379,
        -0.00276632514,
        -0.00587864313,
        -0.0154047618,
        -0.0197506901,
        -0.00170247839,
        0.0182761773,
        -0.0082391547,
        -0.0121517833,
        -0.0110458992,
        -0.00382855535,
        -0.0262954496,
        0.0112981182,
        -0.00178978499,
        0.0240707491,
        0.0192333162,
        0.001556159,
        0.00713327108,
        0.0269809682,
        0.024510514,
        -0.000320124149,
        -0.0142148053,
        0.0187547468,
        0.0136456955,
        0.0134128779,
        -0.00669350475,
        -0.0245493185,
        -0.0243423693,
        0.00340819033,
        0.0110523663,
        0.0200223103,
        -0.0176682658,
        -0.0138785131,
        0.00338232168,
        0.0167240612,
        0.00218104781,
        -0.0136974324,
        -0.000969264773,
        -0.000206443685,
        -0.0064057163,
        0.0140337246,
        0.0138655789,
        -0.00244943472,
        0.0184184555,
        0.00497000804,
        0.0135034183,
        -0.0207595658,
        -0.0139561193,
        0.00942911115,
        -0.000217458059,
        0.00715267286,
        -0.0159868058,
        0.016064411,
        -0.00226673763,
        -0.00824562181,
        0.000919952698,
        -0.00945497956,
        -0.0182244405,
        -0.0102310376,
        -0.00179140177,
        -0.00946791377,
        0.00622786954,
        0.00107516441,
        -0.00624080375,
        0.0086789215,
        -0.00561672356,
        0.0126497541,
        -0.0111105712,
        0.0239802077,
        -0.0276018139,
        -0.0159609374,
        0.0216390975,
        -0.014641637,
        -0.00482449727,
        0.00738549,
        0.000415918854,
        0.0160902794,
        0.00732081849,
        -0.0136715639,
        -0.00093369541,
        -0.0240319446,
        -0.0198153611,
        -0.015288353,
        -0.0190134328,
        -0.0247433316,
        0.0099658845,
        -0.00909928605,
        0.00302986172,
        0.00551324897,
        -0.00770238088,
        0.000778887887,
        0.00271782163,
        -0.0261919741,
        -0.000407026528,
        -0.0176812001,
        0.019220382,
        0.00232170848,
        0.00273883995,
        -0.0287659019,
        0.00620846823,
        0.00351489824,
        0.00549708121,
        0.00103151111,
        0.0104315197,
        0.011867228,
        0.00469192024,
        0.0139819877,
        -0.0131541919,
        -0.00653505931,
        -0.00325944577,
        -0.0124234036,
        0.0197765585,
        0.00464018341,
        0.00346962828,
        0.0120289074,
        0.00592391333,
        0.0390874818,
        0.0216520317,
        -0.0262695812,
        0.0155987758,
        -0.0284037422,
        -0.0135034183,
        -0.00693925656,
        0.0137491701,
        0.0063022417,
        -0.0168146007,
        -0.000118227661,
        0.00493767252,
        -0.0252865739,
        -0.0131929945,
        -0.0179916229,
        0.00292962091,
        -0.00273560616,
        -0.0117443521,
        0.0135939587,
        -0.00454317592,
        -0.0164265726,
        -0.0296971723,
        0.0121517833,
        -0.00547444588,
        -0.00324812834,
        -0.024251828,
        -0.0134128779,
        -0.00390616129,
        -0.00691338815,
        -0.00735962158,
        0.0134258121,
        0.0156246452,
        -0.0213286746,
        0.0021745807,
        0.0277311578,
        0.00973306689,
        -0.0191169083,
        -0.00681638066,
        -0.00826502312,
        -0.0206948929,
        -0.0121711846,
        -0.0177717395,
        0.0150684696,
        -0.0140725281,
        -0.00946791377,
        0.0237473901,
        0.00620200112,
        0.0112205129,
        0.0151072722,
        -0.0237473901,
        -0.00948084798,
        -0.0224022232,
        0.0262178443,
        -0.00169924484,
        0.00439443113,
        0.0138914473,
        0.0078899283,
        -0.00208889088,
        0.0278604999,
        0.00602415437,
        -0.00692632236,
        0.00698452676,
        0.00367334369,
        -0.00653829286,
        0.0140725281,
        -0.0383631587,
        0.0202033892,
        0.0134387463,
        -0.0117055494,
        0.0111429067,
        -0.0143570825,
        0.0113045853,
        -0.00260141282,
        0.00966192875,
        -0.0137103675,
        -0.0182373747,
        0.00609529298,
        0.00179301854,
        -0.00198864983,
        0.0154047618,
        0.00833616219,
        0.0127596958,
        0.00884060003,
        0.00803867262,
        -0.000874682621,
        -0.000915910699,
        0.0244975798,
        0.0152107468,
        -0.00114630314,
        0.0106320018,
        -0.00535156997,
        0.0142277395,
        -0.00175906601,
        -0.0166593902,
        -0.0233334918,
        0.0272137858,
        -0.00287141651,
        -0.000354480901,
        0.0126885567,
        -0.00774118351,
        0.00580427097,
        0.000654799398,
        -0.00818094984,
        0.00264344923,
        -0.00382532179,
        0.0301628076,
        -0.0207336973,
        0.000973306713,
        -0.010127564,
        0.00820681918,
        5.96696045E-05,
        0.007676512,
        -0.00604355568,
        -0.000966839551,
        -0.00727554876,
        -0.00942911115,
        -0.00999175292,
        -0.0195437409,
        0.00575253367,
        0.0260108951,
        -0.0141371991,
        0.00454317592,
        -0.0109165562,
        -0.015353024,
        -0.0100111552,
        0.00754070189,
        0.0148744546,
        -0.0130183818,
        0.0148615204,
        -0.00214871205,
        0.0189099591,
        -0.0157669224,
        0.00714620529,
        0.0176553316,
        -0.016969813,
        -0.00401610276,
        -0.0114468634,
        0.00183828862,
        -0.0185219292,
        0.00147531962,
        -0.0263989232,
        -0.000352661998,
        0.000737659808,
        -0.0127532287,
        -0.0024575186,
        0.00647685491,
        0.0056005558,
        0.00525132939,
        -0.00869832281,
        -0.00631517638,
        -0.00445263553,
        0.00747603038,
        -0.00524486229,
        0.0133740753,
        0.0116344104,
        -0.00477922708,
        0.00333705172,
        -0.00713327108,
        0.00479539484,
        0.0180562939,
        0.0362678021,
        0.025351245,
        -0.0119642355,
        -0.00713327108,
        0.00158768636,
        -0.0142277395,
        -1.51321301E-05,
        0.0010977994,
        0.00583013939,
        -0.0191427767,
        -0.0269033611,
        0.0138138412,
        0.00537743885,
        -0.039553117,
        -0.000982199097,
        0.0103733158,
        -0.0131089222,
        -0.0155729074,
        0.0293608811,
        -0.00342435809,
        0.000285969465,
        0.0162196234,
        -0.0186124705,
        -0.0134775499,
        -0.00498940935,
        -0.0047533582,
        0.015547039,
        -0.0144864256,
        -0.0282485299,
        -0.00131202396,
        0.0171250254,
        0.00183828862,
        0.0146287028,
        -0.0252607055,
        -0.0135939587,
        -0.00966192875,
        -0.00887940265,
        -0.00871125702,
        -0.00677757757,
        0.0146545712,
        -0.00410017604,
        0.00169116084,
        -0.00201451848,
        0.0038964604,
        0.0243165009,
        -0.0078963954,
        -0.0278087631,
        0.0176294632,
        -0.00909281895,
        0.0274466034,
        -0.000604678935,
        0.00370891299,
        0.0042327526,
        -0.0142018711,
        0.0272655226,
        0.00947438087,
        0.00693925656,
        0.00415191287,
        0.00438796403,
        0.000357310288,
        -0.00684871618,
        0.0186254047,
        -0.0014688524,
        0.00244458439,
        -0.0114597976,
        0.00425862102,
        -0.0096231252,
        0.0191039741,
        -0.0262437128,
        -0.014253608,
        0.00489240233,
        -0.00334675238,
        -0.0131865274,
        -0.00815508142,
        -0.00555528561,
        0.0111946445,
        0.000870640622,
        0.00406137295,
        -0.0082262205,
        0.0184443239,
        0.0156375784,
        -0.0060694241,
        -0.00141469005,
        -0.00411957735,
        -0.0141113307,
        0.0162325576,
        0.0135163525,
        -0.0164783094,
        0.021742573,
        -0.0158315934,
        0.00224086898,
        0.0284037422,
        0.00491827074,
        0.0165688489,
        0.00568462862,
        -0.0095131835,
        0.022001259,
        0.00450113928,
        0.0261402372,
        0.0102633741,
        -0.000401569851,
        0.0120095052,
        -0.00972659979,
        0.00916395802,
        0.00293285446,
        0.00941617694,
        -0.00899581145,
        0.00855604466,
        -0.00293770479,
        0.0114727318,
        0.0117572863,
        0.00754070189,
        0.00279381056,
        -0.00792226382,
        0.010127564,
        0.00514138769,
        0.0207854342,
        0.0085754469,
        0.00234919391,
        -0.0234887041,
        -0.0207207631,
        -0.00810981169,
        -0.0121647175,
        0.0104379868,
        0.0142665422,
        0.00678404467,
        -0.00693925656,
        0.00646715425,
        -0.00207595644,
        0.00223601866,
        0.0040646065,
        0.00421335083,
        -0.00831029285,
        0.00291183614,
        -0.00639278209,
        -0.00565229263,
        0.00400963565,
        -0.0031543544,
        -0.0132835349,
        -0.0365006179,
        0.0040064021,
        -0.0130830528,
        0.0177717395,
        -0.0271103103,
        1.72289037E-05,
        -0.0152624846,
        0.037354283,
        0.00254320842,
        0.00451083994,
        -0.0038608911,
        -0.00391586171,
        0.016969813,
        -0.00261919759,
        0.0157151856,
        -0.0128631694,
        -0.00246560248,
        0.00911868736,
        0.0156246452,
        -0.0421658456,
        -0.00874359254,
        0.0148873888,
        -0.00322064292,
        -0.00581073808,
        -0.00954551995,
        0.0181339011,
        -0.0179786887,
        0.00168792729,
        -0.0129343085,
        -0.0125333453,
        0.0330083556,
        -0.000514138781,
        -0.0246139895,
        0.0157539882,
        0.000378934812,
        1.7279428E-05,
        -0.0157151856,
        0.00243650028,
        0.00371861365,
        0.00717207417,
        0.0107354764,
        0.0135551551,
        0.0151978126,
        0.00139609689,
        0.00136537792,
        -0.00606619054,
        -0.00216002949,
        0.00134840165,
        0.0175647903,
        0.0099658845,
        -0.0261790399,
        -0.0136844981,
        -0.00342759187,
        0.00723674567,
        0.00348579627,
        -0.00769591378,
        -0.00567816151,
        -0.000538794789,
        0.0168275349,
        -0.00289405161,
        0.00200966815,
        0.0166076515,
        -0.00779938791,
        -0.00216487981,
        0.0305767059,
        0.0359056406,
        0.00528366491,
        0.0166723244,
        0.00219721557,
        -0.0150426012,
        -0.0204362068,
        0.00585924182,
        0.0141113307,
        -0.0011269016,
        -0.00328369765,
        -0.00439443113,
        -0.00204685424,
        0.0212640036,
        -0.0233464278,
        -0.0173449069,
        -0.00722381147,
        -0.0201645866,
        -0.00692632236,
        -0.00225541997,
        -0.0102181034,
        -0.00177361711,
        0.0138914473,
        0.00345992763,
        -0.00842023455,
        0.0239155367,
        -0.0122811263,
        -0.00867245346,
        -0.0345604718,
        0.0112593155,
        0.0198153611,
        0.0083426293,
        -0.0113821914,
        -0.00144379225,
        -0.00668703765,
        0.00181241997,
        0.0186642073,
        -0.0191686451,
        -0.00990768056,
        0.00211475953,
        0.000226754593,
        0.00427478878,
        -0.011809024,
        -0.0122164544,
        0.0140207903,
        0.00777351949,
        0.0107354764,
        0.0296195671,
        -0.0130119147,
        0.0149908634,
        0.0134387463,
        0.0134904841,
        0.0178881492,
        0.00922862906,
        -0.0186900757,
        0.00720440969,
        -0.00829089154,
        0.00858191401,
        -0.00414544577,
        0.00448497152,
        0.00351813203,
        -0.00119642355,
        0.0196989514,
        -0.00530630024,
        -0.0012869637,
        -0.00153594918,
        -0.00602415437,
        0.0139431851,
        -0.00342759187,
        -0.0148615204,
        -0.00406784005,
        -0.00510905171,
        0.00898934435,
        -0.0057169646,
        0.0272137858,
        0.0101081617,
        -0.00957138836,
        0.00106303848,
        0.00147774478,
        0.011938367,
        -0.00403227052,
        -0.0120353745,
        0.000405409723,
        -0.0127855642,
        0.020901842,
        0.00895700883,
        -0.00303632882,
        -0.00615349738,
        0.00113498559,
        0.0133999437,
        -0.00164184882,
        0.00304926326,
        -0.00406137295,
        -0.0143441483,
        0.00290860259,
        -0.030188676,
        -0.0216908362,
        0.0190910399,
        -0.00292315381,
        0.000421577628,
        0.00912515447,
        -0.000403995044,
        -0.00559085468,
        0.0211217254,
        -0.0121647175,
        0.00582043873,
        0.0167757981,
        -0.0129343085,
        -0.0272396542,
        0.00482126372,
        -0.0253383107,
        0.00522546051,
        -0.0082262205,
        -0.0122487899,
        0.00324004423,
        0.0262825154,
        0.0105608627,
        0.0155341048,
        0.0144734913,
        -0.00323034357,
        0.00154564984,
        0.0269033611,
        -0.00247530336,
        0.0123587316,
        -0.00654799351,
        -0.00690692058,
        0.00909281895,
        0.00713327108,
        -0.00290375226,
        0.0169956814,
        0.0095131835,
        0.00345022674,
        -0.0231912155,
        0.0128955059,
        0.012643287,
        0.00614703028,
        -0.00339525589,
        0.0026321318,
        0.00296195666,
        -0.00596918352,
        0.0241224859,
        -0.0248856097,
        -0.0202939305,
        0.006353979,
        -0.0019999675,
        0.0049215043,
        -0.00686811795,
        -0.0110135637,
        -0.0142665422,
        0.0180950984,
        0.00587217603,
        -0.00871772412,
        -0.00283099688,
        0.00829089154,
        -0.0105349943,
        0.0200740471,
        -0.000522222719,
        0.0100434907,
        -0.0136844981,
        -0.000720683485,
        0.0107548777,
        -0.0197506901,
        -0.00754716899,
        -0.00781878922,
        -0.00491180364,
        0.00262889825,
        0.0143182799,
        0.00458521256,
        -0.0444681533,
        -0.0176035948,
        -0.0254288502,
        0.0105349943,
        -0.0154694328,
        0.0232170839,
        0.00726261409,
        0.0333963856,
        -0.000451488217,
        -0.0382855535,
        -0.0310423411,
        0.0137491701,
        0.0167369954,
        0.0283520035,
        0.0114080599,
        0.0120289074,
        -0.00181565352,
        -0.0142406737,
        -0.0111429067,
        -0.0266705435,
        -0.00179786887,
        -0.0117831547,
        0.0121323811,
        0.014059593,
        -0.00864011794,
        0.00396113191,
        0.0354658738,
        -0.0128308339,
        -0.00827149022,
        -0.0129472427,
        0.00450113928,
        0.00708153378,
        -0.00877592806,
        -0.0154435644,
        0.002064639,
        0.0106966728,
        -0.011867228,
        0.0238508657,
        -0.0325427204,
        -0.00591421267,
        -0.018961696,
        -0.0024639857,
        -0.0082391547,
        0.00464018341,
        0.00717207417,
        0.00281644566,
        -0.00748249749,
        0.00297650765,
        0.0150167318,
        -0.019931769,
        -0.0335774645,
        0.0170344841,
        -0.00260626315,
        0.0054388768,
        0.0169956814,
        0.00684871618,
        -0.00826502312,
        0.00458521256,
        0.00389969395,
        -0.0166852586,
        -0.0234499015,
        0.00588511024,
        -0.0054906141,
        -0.00237344555,
        0.0153659582,
        -0.00204685424,
        -0.0141242649,
        0.00790932961,
        0.015417696,
        0.00647362135,
        0.00666116877,
        -0.00614379672,
        0.00468868669,
        -0.00918335933,
        0.0117831547,
        0.0201775208,
        0.00213254406,
        -0.00609852653,
        -0.00116732134,
        0.0188064855,
        -0.00896347594,
        -0.0271879174,
        8.03341827E-05,
        -0.0184960607,
        0.00701039517,
        -0.00403550407,
        -0.00833616219,
        0.00735962158,
        -0.000814861443,
        0.016064411,
        -0.00599181838,
        0.0287917703,
        0.00337262102,
        0.0156375784,
        0.0217167046,
        -0.00637661433,
        0.00305088004,
        0.0150814038,
        -0.0157927908,
        0.014900323,
        -0.00895054173,
        0.00590774557,
        0.00637014676,
        0.0299299899,
        -0.00083426293,
        -0.0115115345,
        -0.0266705435,
        -0.00120531593,
        -0.00411957735,
        -0.00195146375,
        0.0118413595,
        -8.60939908E-05,
        0.0121776517,
        0.00242679962,
        -0.000790205435,
        -0.00702332938,
        0.00671290606,
        0.00927389879,
        -0.0011560038,
        -0.00378651894,
        0.00284878141,
        -0.000570322154,
        -0.0145899002,
        0.00249147112,
        0.00692632236,
        0.00895700883,
        0.00270165363,
        0.00459814677,
        -0.009739534,
        0.00936443917,
        -0.00584630761,
        -0.00713327108,
        -0.0237603243,
        -0.0250537563,
        -0.0169956814,
        0.0117766876,
        -0.0141371991,
        0.000341748673,
        -0.012190586,
        -0.0147192432,
        0.0084590381,
        -0.00327399676,
        0.00779938791,
        -0.00115196186,
        0.0115632722,
        -0.0237861928,
        -0.0114015928,
        -0.00514462125,
        0.016969813,
        0.012319929,
        0.0100046881,
        -0.0126044834,
        -0.0108906878,
        0.00108809874,
        0.0223375503,
        0.00612116139,
        -0.00664823456,
        0.027291391,
        -0.0202680621,
        -0.00700392807,
        -0.0150426012,
        0.0036636428,
        -0.0185219292,
        -0.0085625127,
        -0.00196278142,
        0.00348256249,
        -0.00960372388,
        0.00488270167,
        0.015805725,
        0.00149552943,
        0.00215032883,
        0.0198282953,
        0.0102957096,
        0.0276018139,
        -0.00968779717,
        -0.0205655508,
        0.00912515447,
        0.00776058529,
        0.00173804769,
        -0.00710093556,
        -0.00902814697,
        -0.00408724137,
        -0.0271361787,
        -0.0145381624,
        -0.0217943098,
        -0.00458197901,
        0.0104121184,
        0.00293285446,
        0.0116214762,
        -0.00752776768,
        0.00810334459,
        -0.00787699409,
        0.0125656808,
        0.0454511605,
        0.0051543219,
        0.0160902794,
        -0.00763124228,
        -0.0132059287,
        0.00637984788,
        -0.000428044761,
        -0.0204232726,
        -0.00360220484,
        -0.010903622,
        -0.00588187668,
        0.0144088194,
        -0.0118542938,
        -0.010515593,
        0.0173966456,
        0.00506054843,
        -0.0234110989,
        0.00835556351,
        -0.00668057054,
        0.0205526166,
        0.0188064855,
        -0.00551648252,
        -0.00998528581,
        0.00293123769,
        -0.00678404467,
        -0.0183537845,
        -0.0229713321,
        -0.0180174913,
        0.00973306689,
        0.00533863576,
        -0.000683497346,
        0.00502174534,
        -0.000699665281,
        0.0153788924,
        -0.0253641792,
        -0.0127661629,
        0.00724321278,
        0.00138235418,
        0.00632164348,
        0.0234369673,
        -0.000664904306,
        -0.000407430722,
        -0.00135567726,
        -0.00970073137,
        0.0316373184,
        0.0107613448,
        -0.0114662647,
        -0.00613409607,
        0.00912515447,
        -0.00464665052,
        -0.00476952642,
        -0.00639278209,
        -0.00640894985,
        0.00200320105,
        -0.0218201783,
        -0.00673230784,
        0.0356469527,
        0.0220788643,
        0.000176634145,
        -0.00374124874,
        0.00485359924,
        -0.00906695053,
        0.0173190385,
        0.00733375316,
        -0.00869832281,
        -0.00815508142,
        0.0158574618,
        0.00472102268,
        -0.00581397163,
        0.00253835809,
        0.01154387,
        -0.0287659019,
        0.0144346887,
        -0.0232300181,
        -0.010256907,
        -0.0166076515,
        0.00806454103,
        -0.01477098,
        -0.00534833642,
        -0.0152754188,
        0.0188711565,
        0.0191039741,
        -0.0133611411,
        -0.00485683279,
        -0.0141113307,
        0.0298265163,
        0.00580750452,
        -0.000425619597,
        0.00315597118,
        -0.0122940606,
        -0.0209794492,
        -0.0136844981,
        -0.00176553312,
        -0.00959078968,
        -0.000862556684,
        0.0109941624,
        -0.00499911048,
        -0.0102827754,
        0.00570726348,
        -0.00256584352,
        -0.0141113307,
        -0.0022327851,
        0.0127984984,
        0.00838143192,
        0.0132576665,
        -0.0244329087,
        0.00305249682,
        0.0192721207,
        -0.0159738716,
        -0.0144734913,
        0.00599505194,
        0.000156929542,
        0.00757303787,
        -0.00286171585,
        -0.0025965625,
        0.00559408823,
        0.00338555523,
        0.0230360031,
        0.0118607609,
        0.0241224859,
        0.0127338264,
        0.0152107468,
        -0.0148227178,
        0.00505084731,
        0.000350236834,
        -0.00219721557,
        0.0125204111,
        0.0124880746,
        -0.00888586976,
        -0.00694572367,
        0.00204523746,
        0.00636691321,
        0.0306025743,
        0.00971366558,
        0.0196084119,
        0.00821328629,
        -0.0166981928,
        -0.0144734913,
        0.016517112,
        -0.0345863402,
        0.00950024929,
        0.0105543956,
        0.00820681918,
        -0.00928683393,
        -0.00691985525,
        0.00651565799,
        -0.0142665422,
        -0.00990121346,
        0.00781232258,
        0.012190586,
        -0.0227643829,
        0.000877107785,
        0.0176812001,
        0.00387059175,
        0.00380592025,
        -0.00125543633,
        -0.0118930964,
        -0.00347932894,
        -0.00547444588,
        -0.00951965153,
        -0.00128858048,
        -0.0339654945,
        0.00933210365,
        0.0150167318,
        -0.0360608511,
        -0.00770238088,
        0.020901842,
        -0.0195566751,
        -0.0112981182,
        0.00502174534,
        0.00993354898,
        0.0178364124,
        -0.000664095918,
        0.00245590182,
        -0.0132706007,
        -0.00349549693,
        0.00388029264,
        -0.0395272486,
        0.00979127176,
        0.000861748296,
        -0.00156909332,
        0.0251442958,
        0.000881149783,
        0.00708153378,
        -0.0242000911,
        0.0182891116,
        0.0248726755,
        -0.00685518375,
        -0.000167741819,
        0.00108567358,
        -0.00820681918,
        -0.0181597695,
        0.0103086438,
        0.00027768343,
        -0.0175777245,
        -0.00418424886,
        0.0115956077,
        0.0138138412,
        -0.000712599547,
        -0.00643158471,
        -0.0212769378,
        0.00578486966,
        0.0074436944,
        0.00313656987,
        -0.00244296761,
        0.00982360728,
        0.0111105712,
        0.0140078561,
        0.00840730034,
        0.0221047327,
        0.00241548219,
        -0.0180950984,
        0.0113110533,
        -0.00216973037,
        0.0116085419,
        -0.0331118293,
        -0.014512294,
        -0.0129343085,
        0.00696512498,
        -0.00373478164,
        0.015547039,
        0.00122390897,
        0.0195049364,
        -0.00922862906,
        -0.00838143192,
        -0.0100176223,
        0.0160514768,
        0.0117831547,
        0.0158315934,
        -0.00178008422,
        -0.0028875845,
        0.00401610276,
        0.0164007042,
        0.0239672735,
        -0.0150684696,
        -0.000412281079,
        -0.0322840326,
        0.0302404128,
        0.0108518852,
        -0.0251184274,
        -0.000233019658,
        0.0126368199,
        0.00603708858,
        -0.00446557021,
        0.00012489692,
        -0.0125527466,
        -0.0260755662,
        -0.0157927908
      ]
    }
  ]
}