{
  "Generated": "2024-08-25T08:15:40Z",
  "Embeddings": [
    {
      "keywords": [
        "Region",
        "Servers",
        "Data center",
        "DC",
        "鯖",
        "Aether",
        "Crystal",
        "Primal",
        "Dynamis",
        "Chaos",
        "Light",
        "Shadow",
        "Elemental",
        "Gaia",
        "Mana",
        "Meteor",
        "Materia",
        "Adamantoise",
        "Cactuar",
        "Faerie",
        "Gilgamesh",
        "Jenova",
        "Midgardsormr",
        "Sargatanas",
        "Siren",
        "Balmung",
        "Brynhildr",
        "Coeurl",
        "Diabolos",
        "Goblin",
        "Malboro",
        "Mateus",
        "Zalera",
        "Behemoth",
        "Excalibur",
        "Exodus",
        "Famfrit",
        "Hyperion",
        "Lamia",
        "Leviathan",
        "Ultros",
        "Halicarnassus",
        "Maduin",
        "Marilith",
        "Seraph",
        "Cuchulainn",
        "Golem",
        "Kraken",
        "Rafflesia",
        "Cerberus",
        "Louisoix",
        "Moogle",
        "Omega",
        "Phantom",
        "Ragnarok",
        "Sagittarius",
        "Spriggan",
        "Alpha",
        "Lich",
        "Odin",
        "Phoenix",
        "Raiden",
        "Shiva",
        "Twintania",
        "Zodiark",
        "Innocence",
        "Pixie",
        "Titania",
        "Tycoon",
        "Aegis",
        "Atomos",
        "Carbuncle",
        "Garuda",
        "Gungnir",
        "Kujata",
        "Tonberry",
        "Typhon",
        "Alexander",
        "Bahamut",
        "Durandal",
        "Fenrir",
        "Ifrit",
        "Ridill",
        "Tiamat",
        "Ultima",
        "Anima",
        "Asura",
        "Chocobo",
        "Hades",
        "Ixion",
        "Masamune",
        "Pandaemonium",
        "Titan",
        "Belias",
        "Mandragora",
        "Ramuh",
        "Shinryu",
        "Unicorn",
        "Valefor",
        "Yojimbo",
        "Zeromus",
        "Bismarck",
        "Ravana",
        "Sephirot",
        "Sophia",
        "Zurvan"
      ],
      "chunk": "FFXIV Servers by Region:\r\n\r\nNorth America (NA, Region):\r\n- Aether (data center): Adamantoise, Cactuar, Faerie, Gilgamesh, Jenova, Midgardsormr, Sargatanas, Siren\r\n- Crystal (data center): Balmung, Brynhildr, Coeurl, Diabolos, Goblin, Malboro, Mateus, Zalera  \r\n- Primal (data center): Behemoth, Excalibur, Exodus, Famfrit, Hyperion, Lamia, Leviathan, Ultros\r\n- Dynamis (data center): Halicarnassus, Maduin, Marilith, Seraph, Cuchulainn, Golem, Kraken, Rafflesia\r\n\r\nEurope (EU, Region):\r\n- Chaos (data center): Cerberus, Louisoix, Moogle, Omega, Phantom, Ragnarok, Sagittarius, Spriggan\r\n- Light (data center): Alpha, Lich, Odin, Phoenix, Raiden, Shiva, Twintania, Zodiark\r\n- Shadow (data center): Innocence, Pixie, Titania, Tycoon\r\n\r\nJapan (JP, Region): \r\n- Elemental (data center): Aegis, Atomos, Carbuncle, Garuda, Gungnir, Kujata, Tonberry, Typhon\r\n- Gaia (data center): Alexander, Bahamut, Durandal, Fenrir, Ifrit, Ridill, Tiamat, Ultima  \r\n- Mana (data center): Anima, Asura, Chocobo, Hades, Ixion, Masamune, Pandaemonium, Titan\r\n- Meteor (data center): Belias, Mandragora, Ramuh, Shinryu, Unicorn, Valefor, Yojimbo, Zeromus\r\n\r\nOceania (OCE, Region):\r\n- Materia (data center): Bismarck, Ravana, Sephirot, Sophia, Zurvan",
      "embedding": [
        -0.02112104,
        0.0190938599,
        -0.0188473109,
        0.0406806022,
        0.000579133572,
        -0.0127589162,
        0.0125397621,
        0.00588636007,
        -0.0126835825,
        0.0508986935,
        0.00895795133,
        -0.0173954107,
        -0.0503782034,
        0.00732113887,
        0.0276545919,
        0.0127109764,
        -0.036900185,
        0.0119987233,
        0.00251171901,
        0.0353660993,
        -0.0114782313,
        0.018066572,
        0.0086086737,
        -0.00433173077,
        -0.0079717543,
        0.0217511114,
        -0.0240522362,
        -0.00884152483,
        -0.00940995757,
        0.0291201901,
        0.0428995453,
        0.00456115883,
        0.0324622989,
        0.00254938635,
        -0.00123702595,
        -0.0137588102,
        0.00991675351,
        -0.00329417014,
        0.0278326552,
        0.00684858672,
        -0.0221620258,
        -0.0294763166,
        -0.00487961806,
        0.00303221168,
        -0.00219668401,
        -0.0232988913,
        0.0201485418,
        0.0141628766,
        0.018833613,
        0.017861113,
        0.0122178784,
        -0.022367483,
        -0.00812927261,
        -0.0031777441,
        -0.0133615928,
        -0.00565693248,
        0.056487143,
        0.0216689277,
        -0.0182035435,
        0.0182720292,
        0.043967925,
        0.0093757147,
        -0.0143409399,
        0.0236687157,
        0.0149436155,
        0.0224907584,
        -0.00823884923,
        0.0141491797,
        -0.00782108586,
        -0.0333389193,
        0.00227715494,
        0.0204498786,
        -0.0254082568,
        0.0183679089,
        -0.0175049864,
        -0.0192308314,
        0.0264903326,
        -0.000447726343,
        0.056761086,
        -0.000537185988,
        0.00639315555,
        -0.0273669511,
        -0.00341915688,
        0.0428721532,
        0.0169297066,
        0.0210525542,
        -0.0862374008,
        -0.0496385545,
        0.0171625577,
        -0.00569802383,
        0.0186555497,
        0.00546859624,
        0.0350099728,
        -0.0533641875,
        0.0289832186,
        0.00957432389,
        0.0222031176,
        -0.00446185423,
        0.011553565,
        0.0431460962,
        -0.0265451223,
        -0.0124712763,
        0.00198095362,
        -0.0347086377,
        0.00935516879,
        0.0160804819,
        -0.057254184,
        -0.00222921488,
        -0.0112179844,
        0.0375850424,
        -0.00764987106,
        0.0159298126,
        0.0133958356,
        0.0129986173,
        -0.0236276239,
        0.0252986792,
        0.022353787,
        -0.00153493951,
        -0.00928668305,
        0.0525423549,
        0.00168389617,
        0.0333937071,
        0.0386534221,
        0.00103156839,
        -0.0239015669,
        -0.00890316255,
        0.0189842824,
        0.0298324432,
        0.0314213149,
        0.0375302546,
        -0.00088261161,
        0.0161078759,
        0.0161900576,
        0.0327088498,
        -0.0451184884,
        0.0136081418,
        -0.0231071301,
        0.0319965966,
        0.0160804819,
        0.0454746149,
        -0.0442966558,
        -0.00548571767,
        -0.00515356148,
        -0.0329827927,
        -0.0364618748,
        -0.000487105717,
        -0.000108453787,
        0.0263396632,
        0.0293667391,
        -0.0436939821,
        -0.00216757762,
        -0.0316952579,
        0.00258020498,
        0.041666802,
        -0.000253825739,
        0.00678010052,
        -0.000676725933,
        -0.013327349,
        -0.00781423692,
        0.0338594131,
        0.000533761689,
        -0.00990990456,
        -0.0289832186,
        0.00600621058,
        0.0271751918,
        -0.000921134895,
        0.0141628766,
        -0.0142587572,
        0.00313836476,
        0.00625960808,
        0.0359961726,
        -0.0281887818,
        -0.0114987772,
        0.0108550098,
        0.018587064,
        0.0127794622,
        0.0597196743,
        -0.0424064472,
        -0.0209840685,
        0.0182583313,
        -0.0217648074,
        -0.0280792043,
        0.0149984043,
        0.00533162476,
        -0.0132588632,
        0.0196554437,
        -0.034407299,
        -0.0192856193,
        0.0394478589,
        -0.00943050347,
        6.21723229E-05,
        -0.00458855275,
        0.0585691109,
        -0.0294215269,
        -0.00648218719,
        -0.0143683348,
        0.0325170904,
        0.0131287407,
        0.0409545489,
        0.0237782933,
        0.00534532173,
        0.0148477359,
        0.00984826777,
        -0.00236447458,
        -0.00648218719,
        -0.0108070699,
        0.0270656142,
        -0.00356811355,
        0.0140190562,
        0.0587334782,
        0.00413312204,
        0.00958802085,
        -0.00927983504,
        0.0164503045,
        0.00245350623,
        0.000915142358,
        -0.0111015588,
        0.031914413,
        0.00502686249,
        -0.0280792043,
        0.00478373747,
        -0.0374206752,
        -0.017066678,
        0.0248740669,
        0.0229153708,
        -0.0125397621,
        -0.0377494097,
        0.0225318503,
        -0.0125192162,
        0.00809502881,
        -0.0262985714,
        -0.0121836355,
        -0.0122315753,
        0.0125397621,
        -0.00719101587,
        -0.0167516433,
        -0.0031280918,
        -0.0295858942,
        -0.0277641695,
        0.00073279877,
        -0.000795720145,
        -0.000898020924,
        0.0383520834,
        0.0211347379,
        0.0095948698,
        -0.00523232017,
        0.00155462918,
        -0.000880043372,
        0.0642123446,
        -0.0515561588,
        -0.0370645486,
        -0.0264903326,
        0.0202718154,
        0.0382425077,
        0.0305720903,
        0.041968137,
        0.0152860451,
        0.0196691398,
        0.0141217858,
        -0.00355441635,
        0.00452349149,
        0.0169707965,
        0.00525971455,
        -0.0338868052,
        -0.0315034986,
        0.0036297508,
        0.0513096116,
        -0.00547202071,
        -0.00973869022,
        -0.0149025247,
        -0.01758717,
        0.0381055363,
        -0.0242166016,
        -0.0317500457,
        0.0281065982,
        0.0367632136,
        0.00914286263,
        0.0257643834,
        0.0556927063,
        0.0138889337,
        0.00386260287,
        0.0430913046,
        0.0163818188,
        -0.00480770785,
        -0.00388999726,
        0.0253534671,
        -0.0200252663,
        -0.0203403011,
        0.0145190032,
        0.0149710104,
        -0.00558502227,
        0.000482825359,
        0.0249014609,
        -0.00563296257,
        -0.00792381447,
        -0.0197239295,
        0.00522547169,
        -0.0101906965,
        -0.0218606889,
        0.0116562946,
        -0.0375028588,
        0.0155325942,
        -0.0425982065,
        -0.00687598065,
        -0.0381055363,
        0.024887763,
        -0.0628974214,
        -0.018833613,
        0.00801284611,
        0.00648903567,
        0.00178405677,
        -0.0251617078,
        0.020847097,
        -0.0166009739,
        -0.00447555119,
        -0.024367271,
        -0.00749235367,
        0.000669449335,
        -0.0309556108,
        0.000264312635,
        0.0444062352,
        0.00287811854,
        -0.0544051714,
        0.0126561876,
        0.0307364557,
        -0.00353044644,
        0.00224291207,
        0.000993901165,
        -0.00765671954,
        -0.00106409914,
        -0.014820341,
        0.00780738844,
        0.0186966415,
        -0.0299146269,
        0.0370919444,
        -0.0176556557,
        0.0227783993,
        0.00889631361,
        0.0266957898,
        0.00720471283,
        0.00588978454,
        -0.0293393452,
        -0.0250384323,
        0.0184090007,
        -0.0207649153,
        0.0326266661,
        -0.00491386093,
        -0.0278737471,
        -0.0220113564,
        0.0216826256,
        0.000815409818,
        -0.00842376146,
        -0.00346024823,
        0.000513644016,
        0.0385712385,
        -0.0318596251,
        -0.00587608712,
        -0.010307123,
        0.0377494097,
        -0.00874564517,
        0.00592745142,
        -0.0193130132,
        -0.0223811809,
        -0.00228571566,
        -0.0175323822,
        -0.022600336,
        0.0149436155,
        -0.0165187903,
        0.00936201774,
        -0.00473237317,
        -0.0260520224,
        -0.039667014,
        0.000740931428,
        0.0469813049,
        0.00856758188,
        0.000623649394,
        0.00467758439,
        0.0142587572,
        0.0164776985,
        -0.00142878632,
        -0.00751289958,
        0.0297502596,
        -0.00205286383,
        0.0126835825,
        0.0449815169,
        -0.0246275179,
        0.0314761028,
        -0.0710609332,
        0.0142724542,
        0.0392834917,
        -0.0373384953,
        0.0328184254,
        0.00199807505,
        0.0222442094,
        -0.035640046,
        -0.0320239924,
        -0.0122247273,
        0.00718416739,
        -0.00736907916,
        -0.0210114643,
        -0.000409845088,
        0.0264218468,
        -0.0213675909,
        0.0424886309,
        -0.00427694246,
        -0.00457828026,
        0.00797860324,
        -0.000770893996,
        0.00988935865,
        -0.00160256925,
        -0.0627330542,
        0.00373932836,
        -0.00635891268,
        -0.0278052613,
        -0.0216689277,
        -0.00401669601,
        -0.00696843676,
        0.0284079369,
        -7.42643606E-05,
        -0.0249699466,
        -0.0053008059,
        -0.0220661461,
        -0.00908807386,
        0.0186144579,
        -0.00618769787,
        0.0359139889,
        0.00614318205,
        0.0282435715,
        0.00821830425,
        -0.00338148954,
        -0.00927298609,
        -0.0101838484,
        -0.00419818377,
        0.0226551238,
        0.033448495,
        -0.0116425967,
        0.0184637886,
        -0.00143477891,
        0.0503234155,
        -0.00990305655,
        -0.00603018049,
        0.00617057644,
        0.0154641084,
        0.00423585065,
        -0.00528026,
        -0.0135738989,
        -0.0114919282,
        0.0236687157,
        0.0204772744,
        0.0587334782,
        0.0216963217,
        -0.0296954717,
        0.0147244614,
        0.011300168,
        -0.0157517493,
        -0.0109714353,
        -0.0173132271,
        0.0133752897,
        -0.00552680949,
        0.00639658002,
        -0.00412969757,
        -0.0042461236,
        0.0182857253,
        -0.03314716,
        0.000712252979,
        -0.0204224847,
        -0.0327910334,
        -0.0087114023,
        -0.0161215719,
        -0.0148751298,
        -0.0144231236,
        -0.0350647643,
        0.0658012182,
        0.0262437835,
        0.00271546445,
        -0.0144642144,
        -0.0262574814,
        -0.0345990583,
        -0.0277641695,
        -0.0163544249,
        -0.0209429767,
        0.0356126502,
        -0.00776629709,
        -0.00122846523,
        0.0327910334,
        0.0649793893,
        0.0311747659,
        0.0438309535,
        -0.0424612351,
        0.0329280049,
        0.0381329283,
        -0.0301611759,
        0.0203129072,
        -0.0413928553,
        -0.00824569818,
        -0.0403244756,
        -0.00281990552,
        -0.0046981303,
        -0.034681242,
        0.0125123672,
        -0.042707786,
        0.0428995453,
        0.00898534525,
        0.0167242475,
        0.024120722,
        0.0321609639,
        0.00867715944,
        0.0178474169,
        -0.0381055363,
        -0.033640258,
        0.0202581193,
        0.0407627858,
        0.0254904386,
        -0.00254424987,
        -0.00313665252,
        0.0290654004,
        0.00657806732,
        0.0135465041,
        0.00348935486,
        0.0235591382,
        -0.0117658712,
        0.0141628766,
        -0.0195047744,
        0.0290927961,
        0.0430639125,
        0.00149984041,
        0.0205046684,
        0.0201622378,
        0.0175049864,
        -0.0151490737,
        0.0187514294,
        0.0339689888,
        0.0470086969,
        -0.00388657278,
        -0.00455773436,
        -0.0421872921,
        0.0240111444,
        -0.0188884009,
        -0.0159846004,
        0.00228400365,
        -0.00080513698,
        -0.00365714519,
        -0.00192616496,
        -0.0405984223,
        -0.00851964206,
        0.00107694021,
        -0.0159161147,
        0.0112659251,
        0.00599936163,
        0.00144590787,
        0.038406875,
        -0.0218332931,
        -0.00135687622,
        0.0204087887,
        0.00718416739,
        -0.0416120104,
        -0.00406121183,
        0.0286818799,
        0.000267094874,
        -0.00409887917,
        0.0159982983,
        0.0283257533,
        0.00108978129,
        0.00501658954,
        -0.0166968536,
        0.0165187903,
        -0.00170101773,
        0.0143546378,
        0.000677153992,
        0.0398039855,
        0.00642054994,
        -0.049967289,
        0.0202170275,
        0.0187240355,
        -0.0112248333,
        0.0131835295,
        -0.0367358178,
        0.00619797083,
        0.028380543,
        -0.00271888892,
        0.0347908214,
        -0.00706089288,
        0.00440364098,
        0.0134711694,
        0.0101564536,
        0.0281613879,
        0.0293393452,
        0.000679294171,
        -0.024134418,
        -0.00307330326,
        0.0565419309,
        0.0277230777,
        -0.00309898541,
        -0.0383794792,
        -0.0118549028,
        0.0350647643,
        -0.00108464493,
        0.020586852,
        -0.00919765141,
        -0.018107662,
        0.0199567806,
        0.0147929471,
        -0.0275450144,
        -0.00668079639,
        0.0297502596,
        0.0258328691,
        0.0284079369,
        0.036215324,
        -0.0194499865,
        0.0298050493,
        -0.0241070241,
        0.00679722195,
        0.0448993333,
        0.00847170129,
        0.0112659251,
        0.0126150968,
        0.0205594562,
        0.0123343039,
        -0.0155188972,
        0.0220935401,
        0.0084100645,
        -0.0180802681,
        0.0310925823,
        0.00947159529,
        0.0316130742,
        0.0149710104,
        0.000514072017,
        -0.0366262421,
        6.08882146E-05,
        0.018107662,
        0.0196280498,
        -0.0217374135,
        0.0250110384,
        -0.0505973585,
        0.0299694147,
        0.0166831575,
        -0.0149436155,
        -0.0104646403,
        0.00319486554,
        0.0373932831,
        0.0227099136,
        0.0185459722,
        0.0324896947,
        0.0196554437,
        -0.00649930863,
        0.0391465202,
        0.0120055722,
        0.00219154777,
        -0.00479058642,
        0.0187788252,
        0.0281065982,
        0.000202675365,
        0.0329827927,
        -0.012046664,
        0.00651985453,
        0.011313865,
        -0.00858812779,
        -0.0535833426,
        0.0117179314,
        0.00522547169,
        -0.0405162387,
        -0.00458855275,
        -0.0124986703,
        -0.0446527824,
        0.00161284208,
        -0.026367059,
        -0.00447897566,
        0.0155325942,
        0.0110810129,
        0.0374754667,
        -0.0105331261,
        -0.0333663151,
        -0.00455773436,
        0.0433378555,
        0.00171129056,
        -0.0171625577,
        -0.00634863973,
        0.0207649153,
        0.00825254712,
        0.0241481159,
        -0.0160119962,
        0.00342258113,
        0.00567405391,
        -0.0741290972,
        -0.0018148754,
        -0.00368453958,
        0.0165598821,
        -0.00728004752,
        0.0179706905,
        -0.026627304,
        0.0252575874,
        0.00993045047,
        0.0157106575,
        -0.0110810129,
        -0.0175460782,
        -0.00994414743,
        0.0146422777,
        0.0179569945,
        -0.0303255413,
        -0.0206827316,
        0.0333115235,
        0.036407087,
        0.0223126952,
        0.0257780794,
        -0.00672188774,
        0.0108070699,
        -0.00231824652,
        -0.0058521172,
        0.00938256364,
        -0.0316952579,
        -0.00348079414,
        -0.0184090007,
        -0.00394136133,
        0.00587608712,
        -0.0359687768,
        -0.018354211,
        -0.00436939811,
        0.0372563116,
        0.0109577384,
        -0.000484965538,
        0.0222442094,
        0.0492002442,
        -0.014820341,
        0.0259972345,
        0.00139283133,
        -0.00303049944,
        0.0170529801,
        0.000778598653,
        -0.0412832797,
        0.00729374448,
        -0.04224208,
        0.00701980107,
        -0.0345990583,
        0.00662600761,
        -0.0103482138,
        0.0581308007,
        -0.0261615999,
        0.0136081418,
        0.00622536521,
        -0.00215559267,
        -0.0316678658,
        -0.015559989,
        0.0398039855,
        0.00651985453,
        -1.29815489E-05,
        0.0180391762,
        0.00397560466,
        -0.0287092756,
        -0.0375576504,
        0.0571993962,
        0.0131972264,
        0.0268190652,
        0.0127520682,
        -0.0564323515,
        -0.0676092431,
        0.010546823,
        0.0111631956,
        0.000621081213,
        -0.00825254712,
        0.0159846004,
        -0.0322157517,
        0.0470360927,
        -0.0265588183,
        0.0443788394,
        -0.0162585452,
        -0.0110330731,
        3.65703818E-05,
        0.00367769087,
        0.0153408339,
        -0.0199019928,
        0.0063520642,
        0.00283702696,
        0.00994414743,
        0.0079717543,
        -0.00788272265,
        0.0189705845,
        -0.0292845555,
        -0.0370097607,
        -0.00581102585,
        -0.0120124212,
        0.0204361826,
        0.013827296,
        0.00493440637,
        -0.0126493396,
        -0.0312843435,
        -0.00217785058,
        0.0108755557,
        -0.0126904305,
        0.0019569837,
        0.051501371,
        -0.0229427647,
        -0.0196965355,
        -0.0153408339,
        -0.00256479555,
        -0.00397902867,
        0.027901141,
        -0.00441048993,
        0.0260794181,
        -0.0518027097,
        -0.0151627706,
        0.00904698297,
        0.0340511724,
        -0.0058521172,
        -0.000570144854,
        -0.00463991752,
        -0.0300515983,
        -0.000770893996,
        -0.0137656592,
        0.0208881889,
        -0.00170016161,
        0.0315034986,
        -0.00164622895,
        0.00328218518,
        0.0257369876,
        -0.0165598821,
        -0.0344620869,
        0.0200937521,
        -0.0126287937,
        -0.0123890927,
        -0.00467758439,
        0.00164708507,
        0.0215182584,
        -0.011806963,
        0.0275313184,
        -0.0334211029,
        -0.0245727282,
        0.00906067993,
        -0.00777314557,
        0.0323253274,
        -0.000583841989,
        -0.0227236096,
        -0.0273532551,
        0.00741701899,
        -0.00392423989,
        -0.0222579055,
        0.0171351638,
        0.0031280918,
        0.00656437036,
        0.013327349,
        0.0147655522,
        0.0339689888,
        0.0178063251,
        0.0248192772,
        0.00745811081,
        0.0321609639,
        -0.0241481159,
        -0.00396190723,
        -0.0257917773,
        0.0138615388,
        0.0292571615,
        0.0154641084,
        -0.00115912326,
        0.0269560367,
        0.0187514294,
        0.0180528741,
        -0.0120124212,
        0.0299694147,
        -0.0243946649,
        -0.0128342509,
        0.00648903567,
        -0.0122452723,
        0.0344346948,
        0.0144505175,
        0.0197102316,
        0.0193678029,
        -0.026627304,
        0.0285723023,
        -0.0245316364,
        0.0122726671,
        -0.0318596251,
        0.025134312,
        0.00858127885,
        0.0207786113,
        0.0138067501,
        -0.0236413199,
        0.0260931142,
        -0.0294215269,
        0.00348421838,
        0.0474196114,
        0.0198745988,
        -0.00815666653,
        0.00784847979,
        -0.008793585,
        0.00954008102,
        0.0118959947,
        -0.0366810299,
        -0.0192856193,
        -0.0446801782,
        -0.000115248869,
        -0.0251069181,
        0.00886207074,
        0.00180802681,
        -0.0372015238,
        -0.00298598362,
        0.00722525874,
        0.0217648074,
        0.0272710714,
        -0.00886207074,
        -0.00679379795,
        0.0479401052,
        -0.00730059342,
        -0.00197581714,
        -0.00283360272,
        0.0157106575,
        0.00285757263,
        -0.0114028966,
        0.0223126952,
        0.0160530861,
        0.00284216343,
        0.0438035578,
        0.00620481931,
        0.031147372,
        -0.00936886668,
        -0.0121904844,
        0.00456115883,
        -0.0170803741,
        0.00894425437,
        0.0159982983,
        0.0101427566,
        -0.0013551641,
        -0.0171077698,
        0.0368727893,
        0.00453376444,
        0.0233262852,
        -0.029147584,
        -0.000215944499,
        0.00973869022,
        0.00503713544,
        0.0051980773,
        -0.0132794091,
        -0.016066784,
        -0.0221483279,
        -0.00385232992,
        -0.0132999551,
        -0.0310377944,
        -0.00629727542,
        -0.0414202511,
        -0.0308460332,
        -0.053227216,
        -0.0162585452,
        0.0106290067,
        0.000632210169,
        0.00656779436,
        0.0194910765,
        -0.000245479023,
        -0.00717046997,
        -0.0153134391,
        -0.019600654,
        0.0119987233,
        -0.00544462632,
        0.000113215698,
        0.0114302905,
        0.0190116763,
        -0.0255863201,
        0.0180391762,
        -0.0372563116,
        -0.0360783525,
        0.0189979784,
        -0.00747865671,
        0.00228571566,
        0.0137108704,
        -0.0129780713,
        0.00512274262,
        0.000693847425,
        -0.00177549606,
        -0.0212717094,
        -0.03517434,
        -9.37935329E-05,
        0.014820341,
        0.00738962507,
        0.00124729879,
        0.00157260674,
        0.0097797811,
        0.0153134391,
        -0.0154915024,
        0.00425297208,
        0.00250658276,
        -0.0205320623,
        -0.0044447328,
        0.00226516998,
        0.0163544249,
        -0.0119096916,
        -0.00982772186,
        -0.00272916164,
        0.0290654004,
        -0.0319692008,
        0.000869342475,
        -0.00132434547,
        -0.0202581193,
        0.00556447636,
        0.0359687768,
        0.0398587734,
        -0.00318459282,
        -0.0189294927,
        -0.00622194074,
        0.0212306175,
        -0.028380543,
        -0.034407299,
        0.0194362886,
        -0.0195047744,
        0.00128667825,
        -0.0202170275,
        0.0157243554,
        0.00894425437,
        -0.0372563116,
        -0.0180939659,
        -0.00674243364,
        0.0264903326,
        0.00480085937,
        -0.0167927351,
        0.000764473458,
        -0.0382151119,
        -0.0221620258,
        -0.0113344109,
        -0.00228400365,
        -0.019107556,
        0.00601648306,
        -0.0269697346,
        -0.0216141399,
        0.0395300426,
        -0.0270245224,
        -0.0277504735,
        0.00638630707,
        -0.0183953028,
        0.00777999451,
        0.00550283911,
        -0.0156010799,
        -0.0150121013,
        -0.0160530861,
        0.00522204721,
        0.0215867441,
        -0.00841691252,
        0.00295345299,
        -0.0043967925,
        -0.0437761657,
        0.033640258,
        -0.00035398631,
        -0.0420777164,
        -0.0198745988,
        -0.0131013459,
        0.00156490202,
        0.0391191244,
        0.0203129072,
        0.0257780794,
        -0.0283257533,
        -0.0432556719,
        -0.0116220517,
        0.0243261792,
        0.00362632656,
        -0.0379685648,
        0.0157654453,
        -0.00830048695,
        -0.00536244316,
        -0.0136355357,
        -0.0113618048,
        -0.00399957458,
        -0.00161112996,
        -0.0120740579,
        -0.00980717596,
        0.00614660652,
        0.00154778059,
        -0.00547544472,
        0.00918395445,
        0.014313546,
        -0.000752060383,
        0.00940995757,
        0.00516725844,
        -0.00825254712,
        -0.00270347949,
        0.00131150428,
        0.0266820937,
        0.0147381583,
        0.00279422337,
        -0.000330444309,
        0.0416394062,
        0.0363796912,
        -0.0224085748,
        -0.0151490737,
        -0.0136766275,
        0.0104920343,
        0.02010745,
        0.0098140249,
        0.00209224317,
        -0.0267642755,
        0.00692392094,
        -0.032407511,
        -0.0101085138,
        -0.0278326552,
        0.00557817379,
        0.00437624659,
        -0.00597539172,
        0.0161215719,
        0.0167379454,
        -0.00455088587,
        -0.0121973325,
        0.00319657777,
        -0.0363796912,
        0.0753344521,
        0.0203676969,
        0.000983628212,
        -0.00558844674,
        -0.00629727542,
        -0.0298872311,
        0.0259013548,
        -0.0145463981,
        0.0151216788,
        -0.0254767425,
        0.0361057483,
        -0.0177789312,
        0.00886891969,
        0.0224907584,
        0.0101496056,
        0.0281065982,
        0.0245864261,
        -0.0184774864,
        -0.0263396632,
        0.00158715993,
        -0.0162996352,
        0.0215319563,
        -0.0313391313,
        -0.000738363247,
        -0.00648561167,
        -0.0144094257,
        0.0336128622,
        0.0164503045,
        -0.0213401951,
        -0.0234495606,
        0.00055644766,
        0.00191760424,
        0.0320513844,
        -0.00159315241,
        -0.0068348893,
        -0.00401327154,
        -0.0131698316,
        0.018833613,
        0.0160530861,
        0.0235865321,
        -0.0290380064,
        0.0052973819,
        -0.0302981474,
        0.0397765897,
        0.00900589116,
        -0.014313546,
        -0.0232577994,
        0.000674585754,
        0.0103482138,
        -0.00178234465,
        0.0203950908,
        -0.0199841764,
        0.00214360747,
        0.0189157967,
        -0.00500974106,
        -0.0190116763,
        0.00266581238,
        -0.0139985112,
        -0.00420503225,
        0.0302433576,
        -0.0209155828,
        -0.00681091938,
        0.0199567806,
        0.00123702595,
        0.000420546014,
        -0.0172036495,
        -0.00146816578,
        -0.0101016648,
        -0.0152312564,
        0.0143546378,
        -0.00395848323,
        -0.00451321853,
        0.0123753957,
        0.0145327002,
        -0.0290106125,
        -0.00292777084,
        0.00777999451,
        0.0102317883,
        -0.00485222368,
        -0.00621509226,
        -0.00324794208,
        -0.0223126952,
        -0.022846885,
        -0.0119644804,
        0.0132451663,
        -0.0246686079,
        0.0298050493,
        -0.0144642144,
        -0.00367769087,
        0.010786524,
        0.00756768789,
        0.00803339202,
        -0.0131629836,
        0.0257917773,
        0.0112796221,
        0.00164366071,
        0.0368727893,
        0.0157243554,
        -0.00910177175,
        -0.0240385383,
        0.014573792,
        0.0230797362,
        0.0188062191,
        -0.0169844944,
        -0.0107180383,
        -0.0093757147,
        0.0104988832,
        -0.0026743731,
        0.0179843884,
        -0.0162174534,
        0.0108755557,
        -0.0149984043,
        0.00982087292,
        -0.0123890927,
        -0.00229085214,
        -0.0152997421,
        -0.00256822002,
        -0.00373247964,
        0.0019295892,
        -0.00149299181,
        0.0165324882,
        0.0262300856,
        0.0169160087,
        -0.00760193123,
        0.0179980863,
        -0.00589663303,
        0.0242987853,
        0.0198609009,
        0.0335854702,
        -0.00313665252,
        -0.00673216069,
        -0.0319965966,
        -0.00430091238,
        0.0159572065,
        0.00453376444,
        -0.00274114683,
        -0.00636576116,
        -0.00672531174,
        0.035941381,
        0.0050987727,
        -0.0219154768,
        0.00730744191,
        0.0102797281,
        0.0101290597,
        0.0142176654,
        -0.0170529801,
        -0.0202444214,
        -0.00170016161,
        0.0111563476,
        0.00149213581,
        0.0169297066,
        -0.00174382131,
        0.0116288997,
        0.00465361448,
        -0.00867031049,
        -0.0130397091,
        -0.0208060052,
        -0.00943735242,
        0.0149710104,
        0.0227373075,
        -0.00328903366,
        -0.0173543189,
        -0.0075882338,
        0.0125466101,
        0.00898534525,
        -0.00583499577,
        -0.0105810659,
        0.00508165127,
        -0.00608496927,
        0.0193130132,
        -0.00175066991,
        0.0059822402,
        -0.00518437987,
        0.0116015058,
        0.00209395541,
        -0.00360235642,
        0.00510219717,
        -0.0213675909,
        0.0137930531,
        0.00596511876,
        0.0260109324,
        -0.0121425437,
        0.00511931861,
        -0.00687255664,
        0.0248192772,
        0.0199293867,
        0.00226688222,
        -0.0112316823,
        -0.000425040402,
        -0.0247644894,
        0.0049994681,
        0.0128958886,
        0.00293290708,
        -0.0265999101,
        0.00516383443,
        -0.0126356417,
        0.0114576854,
        -0.00747865671,
        0.0189568866,
        0.0160804819,
        0.00417763786,
        -0.0174638964,
        0.026134206,
        -0.014587489,
        0.000432745059,
        -0.00477004051,
        0.0102523342,
        0.00941680651,
        -0.000361690967,
        -0.0333937071,
        0.000408774999,
        -0.0110193761,
        -0.00711568119,
        -0.0219428707,
        -0.00460567465,
        -0.0092113493,
        0.000686570827,
        0.00489331502,
        -0.0122452723,
        0.0368453972,
        -0.00137742201,
        -0.00826624408,
        -0.00421872921,
        -0.0234906524,
        -0.0021076526,
        -0.0134163806,
        -0.0134780183,
        0.00390026998,
        -0.0128274029,
        -0.000184269782,
        0.00229256437,
        -0.000614232616,
        0.00408860622,
        0.0242576934,
        -0.00101958332,
        -0.00597881619,
        -0.0295311045,
        0.0146970665,
        -0.00149984041,
        0.00462622009,
        -0.0175460782,
        -0.0514465831,
        0.00498234667,
        -0.0152038625,
        -0.0120055722,
        -0.000203424424,
        0.00525971455,
        -0.00498577114,
        -0.0191760417,
        0.00851279311,
        0.00232851948,
        -0.0157106575,
        -0.0250521302,
        0.0142861512,
        -0.0122452723,
        -0.0330375805,
        -0.013327349,
        0.026901247,
        0.000173247841,
        0.00709513575,
        -0.00821830425,
        0.00598908914,
        0.00497549819,
        0.0245453343,
        -0.00648218719,
        0.00772520574,
        -0.0362701155,
        0.0130944978,
        -0.00525286607,
        0.0121356957,
        0.00503713544,
        0.0307912454,
        0.000276511681,
        -0.0130876489,
        -0.00319486554,
        0.00691364799,
        -0.0101975454,
        -0.0181487538,
        0.00161198608,
        0.00696501229,
        0.00653012702,
        -0.0101838484,
        0.00329588237,
        0.0123411529,
        0.00791696645,
        -0.0284901205,
        0.00309384894,
        0.00366399391,
        -0.00506110536,
        0.00679722195,
        0.00110604672,
        0.0166694596,
        -0.0175734721,
        -0.0285723023,
        -0.00424269913,
        0.0109508894,
        0.0319965966,
        -0.0517205261,
        -0.0132040745,
        0.00547202071,
        0.0282161757,
        -0.00315377419,
        0.00427351799,
        -0.00805393793,
        -0.00167276722,
        -0.0147792501,
        0.0208197031,
        -0.0102797281,
        -0.00629727542,
        0.000357624638,
        0.0018285726,
        -0.00123788207,
        0.0277367756,
        0.017094072,
        -0.0119096916,
        0.0168064311,
        -0.0131081948,
        0.00618084939,
        -0.00729374448,
        0.0181350578,
        4.47833336E-05,
        0.0241481159,
        -0.039667014,
        0.000581273809,
        -0.0113207139,
        -0.00331300381,
        -0.00824569818,
        -0.0185733661,
        0.00902643707,
        -0.0157654453,
        -0.00299283233,
        -0.0121562406,
        -0.0146148838,
        0.00619112235,
        0.01657358,
        0.00270519173,
        0.0619112216,
        0.0416941941,
        0.0133958356,
        -0.00240385393,
        -0.0154367136,
        0.00234735315,
        -0.0265177265,
        -0.00447897566,
        -0.000290850905,
        0.0117590232,
        0.00180289045,
        0.0268738531,
        -0.0258191712,
        0.0247370955,
        -0.0145463981,
        -0.0192582253,
        -0.00154949271,
        0.0417215899,
        -0.0186281558,
        -0.00366399391,
        0.0307090618,
        0.0239563566,
        0.00246035471,
        0.00267094886,
        -0.00326163927,
        0.00377014698,
        -0.00763617409,
        -0.00762932561,
        0.00508849975,
        0.000636490528,
        0.00371878245,
        -0.00599936163,
        -0.00452006701,
        0.00213675899,
        -0.019586958,
        -0.00913601462,
        0.00903328601,
        -0.0119987233,
        0.00761562819,
        0.019080162,
        0.0048967395,
        0.00721156178,
        0.0192582253,
        -0.00040492267,
        -0.0248740669,
        -0.00197068066,
        0.01230691,
        -0.0372837037,
        -0.0298872311,
        -0.00323938136,
        0.0101975454,
        0.0148888268,
        0.0232988913,
        -0.029640682,
        0.0301885698,
        -0.0150942849,
        -0.0245590322,
        -0.00665682601,
        0.0312021598,
        0.0304625127,
        0.00128753425,
        -0.0152312564,
        0.00610893918,
        0.0263259672,
        0.00465361448,
        -0.00596169475,
        0.0134232296,
        0.00655752141,
        0.00809502881,
        0.0188473109,
        0.0207375195,
        -0.0110330731,
        0.0131492857,
        -0.00791696645,
        -0.0238330811,
        -0.0374206752,
        -0.0142861512,
        0.0343799032,
        0.0313117392,
        0.0118686007,
        -0.00260246289,
        -0.00632809382,
        0.00437967107,
        0.00636576116,
        0.0162996352,
        0.0356948338,
        0.0093757147,
        -0.0103550628,
        0.0121562406,
        -0.00403039297,
        0.0145190032,
        -0.00626988104,
        0.0104920343,
        -0.00141680136,
        -0.017094072,
        0.0207923092,
        0.0257643834,
        -0.00109320565,
        0.0190253742,
        -0.0294489227,
        0.028627092,
        0.0019295892,
        0.0126356417,
        -0.00110690284,
        0.00265725167,
        0.0102591822,
        0.0013697173,
        0.00582814729,
        -0.0292571615,
        -0.0246960036,
        0.00527341152,
        -0.00888261665,
        -0.00446527824,
        -0.00110947096,
        -0.00259732641,
        0.00163852435,
        -0.0296132881,
        -0.0280244164,
        0.00348421838,
        -0.00173183635,
        -0.000758480979,
        0.00361605361,
        0.0224907584,
        -0.0034790819,
        -0.0195595622,
        -0.0324349068,
        0.00267950958,
        0.00517753139,
        0.00121391192,
        -0.000268592994,
        0.0149299186,
        0.0035783865,
        0.0131287407,
        0.00372563116,
        -0.000169395513,
        -0.00483510224,
        0.00679379795,
        0.0103687597,
        -0.00532135181,
        -0.011553565,
        0.00901958812,
        0.0144916093,
        0.0141491797,
        0.00601990754,
        -0.00360920513,
        0.0161763616,
        0.0155325942,
        0.00760877971,
        -0.00548229367,
        0.0464060232,
        -0.0309830047,
        -0.0211484358,
        0.00822515227,
        0.00864291657,
        -0.00359550794,
        0.0139711164,
        0.00732798781,
        -0.00995099638,
        0.00119251013,
        -0.00345853623,
        0.0112590762,
        0.0115193222,
        0.0162174534,
        0.00460909866,
        -0.0277915634,
        0.00121648016,
        0.00825254712,
        0.0102317883,
        0.00921819732,
        -0.00828678999,
        0.00960171875,
        -0.0152586512,
        -0.0219017789,
        -0.00791011751,
        -0.0160530861,
        -0.00170444197,
        -0.000751632382,
        0.0129506774,
        0.0137725072,
        -0.00495837675,
        0.00389684574,
        0.00892370846,
        0.0119781783,
        -0.0234221667,
        -0.000668593275,
        0.0103893057,
        0.0116699915,
        0.00755399093,
        0.0129917683,
        -0.00663628057,
        0.0313665271,
        0.0166009739,
        -0.0257643834,
        -0.0104030026,
        0.00420160778,
        -0.000484965538,
        -0.00291064917,
        0.0209429767,
        0.0230660401,
        0.0134985643,
        -0.00734853325,
        -0.0140532991,
        0.0220798422,
        -0.016327031,
        0.00199122657,
        0.0186692476,
        0.0137382643,
        0.00332498876,
        0.0140122082,
        0.00236276235,
        0.00786902569,
        -0.00270690373,
        0.0113412589,
        0.0212306175,
        -0.018107662,
        -0.0277778674,
        -0.00269149453,
        0.00575281261,
        0.0193951968,
        0.0321609639,
        -0.0188473109,
        -0.0176008679,
        -0.00995099638,
        0.00342942961,
        0.00258362922,
        0.00172755599,
        -0.0246275179,
        -0.00496180076,
        -0.0060027861,
        0.0175734721,
        -0.00794436038,
        -0.00960171875,
        0.00773205422,
        -0.0106632495,
        0.00298084738,
        0.0154504115,
        -0.0257232916,
        0.00804708898,
        0.00354071916,
        0.0299146269,
        0.00463991752,
        0.0370919444,
        0.00823884923,
        0.00584526872,
        -0.00911546871,
        -0.028873641,
        -0.0048487992,
        0.0123411529,
        0.00853333902,
        0.0042974879,
        0.00884837378,
        0.00751289958,
        0.0286818799,
        0.00298084738,
        -0.00550968805,
        -0.0200663581,
        -0.0161900576,
        0.0260520224,
        0.020874491,
        -0.0160393901,
        -0.0211621318,
        -0.0102386372,
        0.0166694596,
        0.0166009739,
        0.00338833826,
        -0.0022240784,
        0.0160530861,
        -0.00582129834,
        -0.00871825032,
        0.0273532551,
        -0.00427694246,
        -0.0020237572,
        0.00697528524,
        -0.0140259052,
        -0.00293633156,
        0.00177035958,
        0.00868400745,
        0.00255109859,
        -0.0292845555,
        0.0147381583,
        0.00278737466,
        -0.00921819732,
        0.0228879768,
        -0.00425297208,
        0.000356340519,
        -0.00362632656,
        0.00884152483,
        0.018107662,
        -0.0312021598,
        -0.00170529808,
        -0.010813918,
        0.0164366085,
        -0.0109714353,
        0.00107351597,
        -4.80203635E-05,
        -0.00476661604,
        0.0123548498,
        -0.00490358798,
        -0.0048967395,
        -0.0194636825,
        -0.00469128182,
        -0.0171899516,
        0.0104577914,
        0.010813918,
        -0.00682461634,
        0.00867031049,
        0.0110947099,
        -0.0129917683,
        -0.00387287559,
        -0.0155052003,
        -0.00828678999,
        0.0171488598,
        -0.00833472982,
        -0.0079923002,
        -0.00703349849,
        -0.0159982983,
        -0.0101222107,
        0.000591118645,
        0.0234358627,
        0.0253397711,
        -0.00204430311,
        0.0180802681,
        -0.0111631956,
        0.00664655305,
        -0.0100879679,
        0.0106837954,
        0.00928668305,
        -0.00146645354,
        -0.0239015669,
        0.00336436811,
        -0.00218469906,
        0.0209155828,
        0.00984826777,
        0.00507822679,
        0.0262848753,
        -0.0126150968,
        0.000839807908,
        -0.0154641084,
        -0.0218880828,
        0.0179706905,
        0.0232577994,
        0.0060507264,
        0.00223948783,
        0.0218332931,
        -0.00789642055,
        0.0012764053,
        0.00261958432,
        -0.00608154479,
        -0.0227236096,
        -0.00822515227,
        0.00175323815,
        0.00122332876,
        -0.0153134391,
        0.00194328639,
        -0.00924559217,
        -0.00618084939,
        0.0113686537,
        0.012046664,
        -0.00195355923,
        -0.038899973,
        -0.0125740049,
        0.0144231236,
        0.00794436038,
        0.0243535731,
        0.0473922193,
        -0.00295687723,
        -0.00736223068,
        -0.00958802085,
        0.0345168747,
        -0.00504398393,
        -0.0187103376,
        0.0222716033,
        -0.0123274559,
        -0.015327137,
        -0.0186692476,
        -0.0119370865,
        -0.0306816678,
        0.00686570816,
        -0.00191246776,
        0.00394136133,
        -0.00792381447,
        -0.00133033795,
        0.0193678029,
        0.0159161147,
        0.00195184711,
        0.00384205696,
        -0.0106769465,
        0.0199567806,
        -0.0264629386,
        0.009293532,
        -0.0111152558,
        0.00248603686,
        0.0123822447,
        0.0151353758,
        0.0157106575,
        0.00732798781,
        0.0190527681,
        0.00030326398,
        -2.31808608E-05,
        0.0227647014,
        -0.014327243,
        -0.00318116834,
        -0.0347908214,
        0.00734168477,
        0.0433652513,
        0.0121973325,
        -0.025134312,
        -0.00925928913,
        0.00690679951,
        0.000104975989,
        -0.0152723482,
        -0.0194225907,
        -0.0179159027,
        0.00159315241,
        -0.02112104,
        -0.00256479555,
        0.0063828826,
        -0.00677325204,
        0.00814981759,
        -8.31996222E-05,
        0.000514500076,
        0.00215559267,
        -0.0132725611,
        -0.0007062605,
        0.013820448,
        -0.00473922165,
        -0.000638202648,
        -0.017066678,
        0.0045474614,
        -0.0193267111,
        -0.00173269236,
        0.0131561346,
        -0.00462964457,
        -0.00366056943,
        0.00382493553,
        0.0128958886,
        0.00550968805,
        0.0201896336,
        -0.012313759,
        0.00696843676,
        0.00443103537,
        0.0211758297,
        0.0101496056,
        0.00626988104,
        0.00358865946,
        -0.0156010799,
        -0.00717731891,
        0.017066678,
        0.0175734721,
        -0.0272436775,
        0.0146833695,
        0.00400299905,
        -0.0055507794,
        -0.0220798422,
        -0.0294215269,
        -0.012560308,
        -0.00119679049,
        -0.0065540974,
        -0.0212443154,
        0.00419133483,
        -0.014587489,
        -0.0023884445,
        -0.0114234425,
        -0.0244905446,
        0.0150121013,
        0.00252712844,
        0.00525629008,
        0.000362547056,
        -0.0261479039,
        -0.0166009739,
        -0.00529053295,
        -0.0107933721,
        0.000916854537,
        -0.00712937862,
        0.0122041814,
        0.00447897566,
        -0.0295585003,
        -0.00485907216,
        0.000931407791,
        -0.0214908645,
        0.0264081489,
        -0.00675270613,
        -0.0217785053,
        0.00525971455,
        0.0229701586,
        -0.0106427036,
        -0.000662172737,
        0.00537271611,
        0.0103893057,
        0.00923189428,
        -0.0189568866,
        -0.00730744191,
        -0.00124815491,
        -0.0359139889,
        0.00285414839,
        -0.00176522322,
        0.00301851449,
        -0.00807448383,
        0.0149025247,
        0.014313546,
        -0.00313494052,
        0.00422900217,
        0.00542750489,
        0.00113857747,
        0.0027890869,
        -0.00928668305,
        0.0265588183,
        -0.0152586512,
        0.00733483629,
        0.00888261665,
        -0.00821830425,
        -0.00366056943,
        0.0155873829,
        0.00483167777,
        0.00404066592,
        -0.0124575784,
        0.0196828377,
        -0.0151079819,
        0.0310377944,
        0.00581444986,
        -0.00301337801,
        0.00825939514,
        -0.0144368205,
        -0.000474264612,
        0.00521862274,
        -0.0049481038,
        0.00338491378,
        0.0157517493,
        -0.00672531174,
        -0.0166009739,
        -0.00782108586,
        0.00833472982,
        0.0095948698,
        0.00826624408,
        0.00254082563,
        0.0201759357,
        -0.00571514526,
        0.011300168,
        -0.0161078759,
        0.0166694596,
        -0.00744441338,
        0.0137040215,
        0.0062527596,
        -0.0239015669,
        -0.00780738844,
        0.00803339202,
        0.0244905446,
        -0.00420160778,
        -0.0220661461,
        0.00461252313,
        0.0182583313,
        -0.00582472282,
        -0.0359139889,
        0.0131629836,
        0.00143905927,
        -0.0273669511,
        -0.00310412189,
        0.00906067993,
        0.00758138532,
        -0.00734168477,
        0.00406121183,
        -0.0147381583,
        -0.0157106575,
        -0.0169707965,
        0.0285723023,
        0.0029414678,
        0.0149299186,
        0.017861113,
        0.00133033795,
        0.0154367136,
        0.0265862122,
        -0.0231482219,
        -0.0174091067,
        0.0104509434,
        0.0183268171,
        0.01230691,
        0.0149299186,
        -0.0285996981,
        0.0164092127,
        0.0103276689,
        -0.00647876272,
        -0.00253055268,
        -0.0119028436,
        -0.00244152104,
        0.00632809382,
        -0.00330273085,
        -0.00617742492,
        -0.00548229367,
        0.00278052618,
        0.0306268781,
        0.00342086889,
        0.0045474614,
        0.0162585452,
        -0.00680749491,
        0.0317774415,
        0.00148528721,
        0.0144916093,
        -0.0209840685,
        -0.00735538173,
        0.0045474614,
        0.000179347364,
        0.0338594131,
        -0.00788272265,
        -0.000666453096,
        -0.00170615409,
        0.000141787139,
        0.0199430846,
        0.014327243,
        0.00791011751,
        0.0139848134,
        0.00412627356,
        0.00434885267,
        -0.011053619,
        -0.0162448473,
        -0.000516212196,
        -0.00425639655,
        0.00611236366,
        -0.0232304055,
        0.000228571575,
        0.0124438815,
        -0.010300274,
        -0.00234906515,
        0.0114439884,
        0.00211450108,
        -0.0189020988,
        -0.0158476289,
        0.0131355887,
        0.0128547968,
        -0.00505425688,
        -0.0146285808,
        -0.0146148838,
        -0.00420160778,
        -0.00319315353,
        -0.0298050493,
        0.0190527681,
        -0.00719786435,
        0.00706089288,
        0.0106906435,
        0.00443445984,
        0.0039961501,
        -0.0037290554,
        0.00714992452,
        0.00548914215,
        -0.0102523342,
        -0.0139300246,
        -0.00590690598,
        0.0355578624,
        -0.00550968805,
        -0.0123548498,
        -0.0253123753,
        0.00995784439,
        0.00278566265,
        0.00343627832,
        -0.0138889337,
        0.0202033296,
        0.015820235,
        0.00770465983,
        0.00436254963,
        0.0150531931,
        0.00260246289,
        -0.0119370865,
        -0.0153408339,
        0.00420160778,
        -0.010046876,
        -0.00782108586,
        -0.00380096561,
        0.0102591822,
        0.0345716663,
        0.0184226986,
        0.00427694246,
        0.0054309289,
        -0.0186966415,
        -0.0131081948,
        0.00230283733,
        0.00115569902,
        -0.00196040794,
        -0.00656094588,
        -0.0172173474,
        -0.00288667926,
        -0.00886891969,
        -0.0166831575,
        -0.00717731891,
        0.0216963217,
        -0.00116768398,
        -0.00496180076,
        0.0124301845,
        -0.0162996352,
        -0.00311781908,
        0.00303906016,
        -0.00629042694,
        0.000171963722,
        0.0113275619,
        -0.000457571179,
        -0.000247833232,
        -0.0047460706,
        0.00453376444,
        0.00435912516,
        0.0119233895,
        0.00993729942,
        0.00131664076,
        0.0100605739,
        -0.00580760138,
        0.0172447413,
        -0.0342429318,
        0.00562268961,
        -0.0195595622,
        -0.00552680949,
        0.0268190652,
        0.0105194291,
        -0.000791439787,
        -5.46549309E-05,
        0.00510904565,
        0.00477346499,
        4.86891695E-05,
        -0.00379754114,
        -0.00352017349,
        0.00345682399,
        -0.0202170275,
        -0.00456458284,
        0.0199430846,
        -0.00964965858,
        -0.00623563817,
        0.00262814504,
        0.00241070241,
        -0.00683831377,
        0.0118343579,
        -0.0177241415,
        -0.00855388492,
        0.00172241952,
        -0.00624933513,
        -0.00534532173,
        4.91172068E-05,
        -0.0100331791,
        0.000438309537,
        0.00814296957,
        -0.0124575784,
        0.00815666653,
        -0.00706774136,
        0.018107662,
        -0.00175495027,
        -0.0007563408,
        -0.0102249393,
        -0.0199430846,
        0.00761562819,
        -0.00532135181,
        -0.00418448634,
        -0.00932092592,
        0.00980032701,
        0.00812927261,
        0.00850594416,
        -0.00760877971,
        -0.00264697871,
        0.0142176654,
        0.0163681209,
        0.0134095326,
        -0.00102728803,
        0.000393579714,
        0.0142039685,
        0.0014698779,
        -0.00438651955,
        -0.0185048804,
        -0.0182857253,
        -0.0141354827,
        -0.0041947593,
        -0.0133889867,
        0.00654724892,
        0.00534532173,
        -0.005650084,
        0.00371878245,
        0.00158031133,
        0.0236824118,
        -0.00513986405,
        0.00809502881,
        -0.00255794707,
        0.017833719,
        -0.0279696267,
        0.00463306857,
        0.0152449533,
        -0.0198609009,
        0.00611578766,
        -0.0106495516,
        0.00884152483,
        -0.0183953028,
        -0.0146559756,
        0.00992360152,
        0.0228742789,
        0.0243946649,
        -0.00350990053,
        -0.00469470629,
        -0.0159572065,
        -0.0171077698,
        -0.00696843676,
        -0.00421530521,
        0.00698213419,
        -0.00983456988,
        0.00764987106,
        0.00389684574,
        0.0117316283,
        -0.010800221,
        0.0221757237,
        0.0081087267,
        -0.0181898456,
        0.00445842976,
        -0.023887869,
        0.0100331791,
        -0.0189157967,
        -0.0114302905,
        -0.0212306175,
        0.019080162,
        0.01657358,
        -0.0132109234,
        0.0243261792,
        -0.0117110834,
        0.00789642055,
        0.00709513575,
        -0.00656779436,
        0.0147929471,
        -0.00783478282,
        0.00376672251,
        0.0272984654,
        -0.00895795133,
        -0.0164229106,
        0.00601990754,
        -0.0189979784,
        -0.00145532459,
        -0.00936886668,
        0.0124712763,
        0.0359139889,
        0.0025596593,
        0.00268807029,
        -0.00650958158,
        0.0021727141,
        -0.00621509226,
        -1.27875956E-05,
        -0.0129780713,
        0.0121151498,
        -0.0382425077,
        0.00539326202,
        -0.00118223729,
        0.0165050942,
        -0.020600548,
        0.00562953809,
        0.00761562819,
        -0.000939968508,
        0.000701980141,
        -0.00313665252,
        -0.00267094886,
        -0.0110125272,
        0.0260383263,
        -0.0209155828,
        -0.0141765745,
        -0.00716362149,
        0.0074375649,
        0.0182309374,
        -0.0127383713,
        -0.00357496226,
        -0.0125466101,
        0.0169707965,
        -0.00376672251,
        0.01506689,
        -0.00290380069,
        -0.0270108245,
        -0.0138752367,
        0.00474264612,
        0.037667226,
        0.0050987727,
        0.0047974349,
        -0.00661573466,
        0.00528026,
        -0.0112453792,
        -0.00818406045,
        0.0151901646,
        -0.000763617398,
        -0.0327636376,
        0.00710198423,
        -0.00991675351,
        0.0159846004,
        -0.00390711846,
        -0.00840321556,
        0.0217374135,
        -0.0266683958,
        0.029668076,
        -0.0142861512,
        0.0165324882,
        -0.000875334954,
        0.0179706905,
        0.00990990456,
        0.00399957458,
        0.0149299186,
        -0.0192719232,
        0.0208607949,
        -0.0205046684,
        -0.013327349,
        0.00815666653,
        0.0119370865,
        -0.00688967807,
        0.011286471,
        -0.00903328601,
        -0.00698213419,
        0.0193267111,
        -0.00381808705,
        0.00662943162,
        0.0160530861,
        0.00714307558,
        0.0135054123,
        -0.0113549568,
        -0.00103242439,
        0.0280107185,
        0.000380310579,
        -0.0184090007,
        0.00268635806,
        -0.0085744299,
        0.0162585452,
        -0.0012121998,
        -0.0153408339,
        -8.42162117E-05,
        0.0079923002,
        -0.0148751298,
        0.0259972345,
        0.00522889569,
        -0.000826966832,
        0.00752659654,
        -0.00801284611,
        0.0151490737,
        -0.0118891466,
        0.0139231766,
        0.0202170275,
        -0.00863606762,
        0.00811557472,
        -0.0157380514,
        -0.00480770785,
        -0.0327362418,
        -0.0152449533,
        -0.00186281558,
        -0.00105981878,
        -0.00371878245,
        0.0175734721,
        0.00193986215,
        0.0289832186,
        0.00705404393,
        0.023613926,
        0.00888946559,
        -0.0086908564,
        0.00821145531,
        -0.00210080389,
        0.00839636754,
        -0.0222442094,
        0.00150925724,
        -0.00540353497,
        -0.00324280583,
        0.0102797281,
        -0.00927298609,
        -0.00858127885,
        -0.0067047663,
        -0.00107265986,
        0.00106324302,
        -0.0167379454,
        -0.00454403693,
        0.00417078938,
        1.55832095E-05,
        0.0142313624,
        -0.00255623483,
        -0.00402012048,
        -0.0042974879,
        -0.000720385695,
        -0.0121836355,
        -0.0319692008,
        0.0144916093,
        0.0173680149,
        0.0103482138,
        -0.0243809689,
        0.0275724102,
        -0.0144094257,
        0.00642397394,
        -0.0246686079,
        0.000687426887,
        0.000927127374,
        0.00173611671,
        0.0163818188,
        -0.0129506774,
        0.00558844674,
        -0.00544120185,
        -0.00327191222,
        0.00605415041,
        -0.00378384395,
        -0.0166831575,
        0.00696158828,
        0.0195595622,
        0.0035578406,
        -0.0187925212,
        -0.0112796221,
        0.00807448383,
        0.0030904247,
        0.0238741729,
        0.0119302375,
        -0.0130397091,
        0.0124986703,
        0.0118686007,
        -0.0216826256,
        0.0019295892,
        -0.0124918222,
        0.0106769465,
        0.00726635009,
        -0.00926613715,
        0.00331814028,
        -0.00303734816,
        0.0136834756,
        0.0318596251,
        0.0224496666,
        0.010539975,
        0.000760621158,
        -0.0202170275,
        0.00127982965,
        0.0100605739,
        -0.0105057321,
        -0.0267505795,
        -0.000173889886,
        0.00283531472,
        -0.00584869273,
        0.00475634355,
        0.0104851862,
        0.0178474169,
        0.0057493886,
        0.0137588102,
        0.0191212539,
        0.00725265313,
        0.0108961016,
        0.0208881889,
        -0.0362701155,
        -0.0112385303,
        0.000821830356,
        0.00132862583,
        0.00145446858,
        0.00513644004,
        0.0249425527,
        -0.00341059617,
        -0.0205046684,
        -0.00193472567,
        0.0141080879,
        0.00241070241,
        0.00977293309,
        -0.00345853623,
        0.00523574417,
        0.00823884923,
        -0.0203403011,
        -0.000231995873,
        -0.000715249276,
        -0.00104012911,
        -0.0179980863,
        0.0162996352,
        -0.00819775835,
        -0.00601990754,
        0.00772520574,
        -0.0124438815,
        0.00788272265,
        -0.0118343579,
        -0.00500974106,
        0.000725094113,
        -0.0378041975,
        -0.0214497726,
        0.0031280918,
        -0.00574596412,
        -0.00141080888,
        0.00181145116,
        0.00685885921,
        -0.00642054994,
        0.00983456988,
        0.00185939122,
        0.00486592064,
        0.00941680651,
        -0.0157106575,
        0.021846991,
        -0.010786524,
        0.00735538173,
        0.00170615409,
        0.0267505795,
        -0.00696158828,
        0.00548914215,
        -0.0137177184,
        0.00416051643,
        -0.0149162216,
        -0.00564665953,
        0.00626645656,
        -0.00619797083,
        -0.00341402041,
        0.0194773804,
        0.0146970665,
        0.00780053996,
        0.00867715944,
        -0.00437967107,
        0.00782108586,
        0.0032273964,
        -0.0155462911,
        -0.0111837415,
        0.00960171875,
        0.0182172395,
        -0.0212717094,
        0.0157106575,
        -0.0191760417,
        -0.010300274,
        -0.00632124534,
        0.00558844674,
        0.0111221047,
        -0.0206827316,
        0.0177515354,
        0.00020160526,
        -0.0120809069,
        0.00854703598,
        -0.00346196047,
        0.0251480099,
        0.0144642144,
        0.00567062944,
        -0.00692734541,
        -0.00652327854,
        0.00245521823,
        -0.00129866321,
        -0.0207238235,
        0.0220798422,
        0.00394136133,
        0.0376398303,
        0.00256822002,
        0.00546859624,
        -0.0136834756,
        -0.00708828727,
        -0.0166694596,
        -0.00760877971,
        -0.0288188513,
        0.00788272265,
        -0.012320607,
        0.0147792501,
        0.0224907584,
        -0.00594114885,
        -0.00825254712,
        -0.0104851862,
        -0.0135328071,
        0.021874385,
        -0.0115398681,
        0.0249836445,
        -0.00184055767,
        0.00621166779,
        -0.0143957287,
        0.00749235367,
        -0.0107111894,
        -0.00590348151,
        -0.0164776985,
        0.0332841314,
        0.0118343579,
        0.0259013548,
        0.0204224847,
        0.0074375649,
        0.0174912903,
        0.0249562487,
        -0.00442076242,
        0.00368111534,
        -0.0222853012,
        -0.0140259052,
        0.00114285783,
        0.010307123,
        0.00631439686,
        0.0300789922,
        -0.0031760321,
        -0.00863606762,
        -0.0155188972,
        -0.000233708022,
        0.00455088587,
        -0.00728004752,
        -0.0107522812,
        0.000549599063,
        -0.00203231815,
        -0.0123753957,
        0.0114782313,
        0.00930038095,
        -0.0115878088,
        0.0181350578,
        -0.007156773,
        0.0202444214,
        0.00633836677,
        -0.00378384395,
        -0.011074164,
        -0.0112316823,
        -0.0056809024,
        -0.00369138806,
        0.00965650659,
        0.000872766774,
        0.00353387068,
        -0.0259150509,
        0.00290893717,
        0.0141354827,
        0.00949898921,
        0.0106564006,
        -0.00750605064,
        -0.00240556593,
        0.0131561346,
        0.00287811854,
        0.0118754487,
        0.00117795693,
        0.0185733661,
        0.0166146718,
        -0.0405984223,
        0.00604045345,
        0.0027753897,
        -0.00569459982,
        0.00651985453,
        0.0150121013,
        0.00436597411,
        0.0116905374,
        -0.018340515,
        -0.0139985112,
        -0.00954008102,
        -0.00411942462,
        0.00708143832,
        0.0104098516,
        -0.0172310434,
        0.00520835025,
        0.0154230166,
        -0.00411257613,
        -0.00708828727,
        0.00669791782,
        0.00309213693,
        -0.000487105717,
        -0.0149299186,
        0.0098140249,
        0.0116562946,
        -0.00523232017,
        0.0133752897,
        -0.00985511579,
        0.0119028436,
        0.00111375144,
        0.0312843435,
        0.00353044644,
        -0.0299694147,
        -0.00669791782,
        -5.68753712E-05,
        0.00708828727,
        -0.00022835756,
        0.00818406045,
        -0.0225318503,
        0.000147244617,
        -0.0218606889,
        0.0155873829,
        -0.043200884,
        -0.000147351617,
        -0.0136492327,
        -0.00908807386,
        -0.000918566657,
        -0.00791011751,
        -0.0333663151,
        -0.009793479,
        -0.00940995757,
        0.0186555497,
        0.00581444986,
        0.00203574239,
        0.00881413091,
        0.00964280963,
        -0.0214634705,
        -0.0152449533,
        0.0162448473,
        -0.0258328691,
        -0.0269149449,
        0.00791696645,
        -0.0121356957,
        0.0027907989,
        0.0205457602,
        -0.00619112235,
        -0.00779369147,
        -0.00584526872,
        -0.00334895891,
        0.0164092127,
        0.00992360152,
        0.00677667651,
        0.00310069765,
        -0.0228879768,
        -0.00673900917,
        0.00355441635,
        0.016820129,
        -0.00960171875,
        -0.00492413389,
        0.00663628057,
        -0.00230626157,
        -0.00324451784,
        -0.00333354948,
        0.000254895829,
        0.0169023108,
        -0.00925928913,
        0.00124644279,
        -0.00731429039,
        0.0102386372,
        0.0104235485,
        0.0228879768,
        0.0180939659,
        -0.00970444735,
        -0.00762247667,
        0.0273532551,
        -0.0248329751,
        0.00138940697,
        0.00143820315,
        0.0271204021,
        0.0140122082,
        -0.00586581416,
        -0.0146422777,
        0.00343799032,
        0.0268190652,
        0.00017784923,
        0.00672188774,
        0.00678694947,
        0.0254356507,
        -0.0112727731,
        -0.00963596161,
        0.0209977664,
        0.00498234667,
        -0.0128684938,
        0.00110690284,
        -0.00779369147,
        0.00830048695,
        -0.0110056782,
        -0.00893055648,
        -0.00912231766,
        0.0109577384,
        -0.0121288467,
        0.00933462381,
        0.00412627356,
        -0.00245008175,
        -0.00621851673,
        0.0103619117,
        -0.00650958158,
        0.00510904565,
        -0.012553459,
        0.00466388743,
        -0.00882782787,
        0.0257506855,
        0.000634350348,
        -0.0141765745,
        0.0112659251,
        0.00541380746,
        -0.0163544249,
        -0.0194773804,
        -0.0192856193,
        -0.0212169215,
        0.0108207669,
        -0.00759508228,
        0.00516383443,
        -0.0259561427,
        0.014299849,
        -0.0397491977,
        -0.00306816678,
        0.00417421339,
        0.0244083628,
        0.0186555497,
        0.0116905374,
        0.00122076052,
        -0.00626645656,
        -0.00324280583,
        0.00219668401,
        0.0153545309,
        0.0162859391,
        0.0160804819,
        0.0021076526,
        -0.00563981105,
        9.39005404E-05,
        0.00618084939,
        -0.00341573264,
        -0.0152586512,
        0.0309830047,
        0.00667394744,
        -0.0207375195,
        0.0112042874,
        0.00967020448,
        -0.00990990456,
        -0.00950583816,
        0.00897849724,
        -0.00196554442,
        0.00958802085,
        -0.00486934511,
        -0.0101359077,
        0.00829363801,
        0.0117727201,
        -0.00754029397,
        0.0022223664,
        -0.00721156178,
        0.00948529225,
        -0.0323527232,
        -0.00601990754,
        -0.00316404691,
        0.0214223787,
        0.0166420657,
        -0.00443103537,
        0.00621166779,
        -0.0131629836,
        -0.00678694947,
        -0.00645136833,
        0.00392081589,
        0.00697186124,
        0.0075882338,
        0.0105742179,
        -0.00475976756,
        -0.00691022398,
        -0.00136115658,
        0.0179295987,
        0.00299454457,
        -0.0178885087,
        -0.0206964277,
        -0.00321027497,
        0.00421872921,
        0.00133975479,
        -0.00292777084,
        0.0134026837,
        0.00680749491,
        -0.00168817653,
        0.026654698,
        0.0020220452,
        0.0239837505,
        0.0147792501,
        0.0121014528,
        -0.0133752897,
        0.00478716195,
        0.0143546378,
        -0.017340621,
        -0.0270382203,
        0.0153134391,
        0.0164776985,
        0.00119679049,
        -0.00745126233,
        0.0150394961,
        -0.0204498786,
        -0.00188849773,
        -0.0163133331,
        -0.0228057932,
        0.0305994842,
        0.00462622009,
        -0.0124164876,
        0.00659861322,
        0.00736223068,
        0.0101222107,
        -0.00283531472,
        -0.00976608414,
        0.0360509604,
        0.0124712763,
        -0.0111494986,
        -0.0187240355,
        0.0217922032,
        -0.00275998027,
        -0.00203916663,
        -0.0118891466,
        0.0114919282,
        0.00377357122,
        -0.00331471581,
        0.00190561917,
        0.0222716033,
        0.0113344109,
        0.0122658182,
        0.015327137,
        0.00787587464,
        0.0173543189,
        0.0255315304,
        0.000804280862,
        -0.00745126233,
        -0.00206656102,
        0.010313971,
        0.0184090007,
        -0.00964280963,
        0.00612263614,
        0.0106084608,
        -0.00458855275,
        -0.00275313179,
        -0.0113960477,
        -0.0210662521,
        -0.00496180076,
        -0.0021881233,
        -0.00223263912,
        0.00200663577,
        -0.000913430238,
        0.0142587572,
        0.0103619117,
        0.0177241415,
        -0.0271204021,
        -0.0360783525,
        0.0195184723,
        0.0099783903,
        -0.00721841026,
        0.0111426506,
        -0.00838266965,
        0.00842376146,
        0.00581444986,
        -0.000171856722,
        0.0019295892,
        -0.00156233378,
        0.0371193402,
        -0.0193130132,
        0.00272916164,
        0.00126613246,
        -0.0173132271,
        -0.0313665271,
        -0.00114628219,
        0.0051295911,
        -0.00208025821,
        0.0173132271,
        -0.0199841764,
        0.00548571767,
        -0.0211621318,
        -0.018107662,
        -0.00667394744,
        -0.00900589116,
        -0.000200428171,
        0.00140995276,
        -0.00890316255,
        -0.00434200373,
        -0.00204259087,
        -0.0081909094,
        0.0194773804,
        0.000126698855,
        0.0369549729,
        -0.00448924862,
        0.0210114643,
        -0.0106358547,
        -0.00569802383,
        0.0186007619,
        0.00719101587,
        -0.000612948497,
        0.000878331193,
        -0.00587266311,
        -0.0155325942,
        0.0272299796,
        -0.00889631361,
        0.00606784783,
        0.0104303975,
        0.00934832077,
        0.0190390702,
        -0.0307638515,
        -0.00353729492,
        0.0116631426,
        -0.00718416739,
        -0.00928668305,
        0.00569117535,
        0.0088757677,
        0.0121356957,
        -0.00791696645,
        0.0199156888,
        -0.00650958158,
        -0.0301337801,
        0.013313652,
        -0.00301337801,
        0.0148888268,
        -0.0120329661,
        0.0319965966,
        0.011553565,
        0.0151353758,
        -0.00623221369,
        -0.0184090007,
        -0.0289832186,
        0.00407833327,
        -0.0109166466,
        0.0107796751,
        -0.0413654633,
        -0.0147655522,
        0.015820235,
        -0.00982772186,
        -0.0192582253,
        0.0383520834,
        -0.0162585452,
        0.00391054293,
        -0.00791696645,
        -0.0213812869,
        -0.00070540444,
        0.0151490737,
        0.0082730921,
        -0.0159161147,
        -0.0290927961,
        -0.0101359077,
        0.00323424488,
        0.00533504877,
        -0.0153545309,
        -0.00253226492,
        -0.0264492407,
        0.012567156,
        -0.0147655522,
        -0.00720471283,
        0.0291749779,
        0.0111358017,
        -0.0144505175,
        0.011806963,
        -3.39219041E-05,
        -7.13751142E-05,
        -0.0105262771,
        0.00117367657,
        0.00653697597,
        -0.0137451133,
        -0.0227920953,
        -0.0123480018,
        -0.00298255938,
        -0.0116083538,
        0.00819775835,
        -0.00528368447,
        0.00855388492,
        0.019600654,
        -0.0029774229,
        0.00795805734,
        -0.0128958886,
        0.010286577,
        -0.0146011868,
        -0.0127520682,
        0.0112316823,
        0.00278052618,
        -0.0219154768,
        -0.000258106098,
        0.00481113186,
        0.00531450333,
        -0.0132794091,
        -0.00661915867,
        0.000810701458,
        0.0145463981,
        -0.00155719731,
        0.0132931061,
        0.000820974295,
        -0.0216415338,
        -0.00769096287,
        -0.00131407252,
        -0.0146696726,
        0.00677325204,
        -0.00558844674,
        0.0477483459,
        -0.00546174776,
        -0.00646164129,
        0.0152997421,
        0.031914413,
        0.0315582864,
        0.00888261665,
        0.00834157877,
        -0.00410915213,
        0.0216826256,
        0.0182720292,
        -0.00481455633,
        -0.00467073591,
        -0.00376672251,
        -0.0133615928,
        -0.00352359773,
        -0.00736223068,
        0.00636576116,
        -0.0108687067,
        -0.0151353758
      ]
    }
  ]
}